id,restaurant_id,name,price,reward
1,1,🍡 鮮肉湯圓,60,6
2,1,🍜 埔里米粉,50,5
3,2,🍱 招牌爌肉飯,90,9
4,2,🍲 排骨酥湯,60,6
5,3,招牌川式鴨血,60,5
6,3,1號餐,111,11
7,3,2號餐,111,11
8,3,3號餐,119,11
9,3,水蓮,26,2
10,3,洋蔥,26,2
11,3,木耳,26,2
12,3,白蘿蔔,26,2
13,3,香菇,26,2
14,3,櫛瓜,30,2
15,3,玉米筍,30,2
16,3,小白菜,30,2
17,3,大陸妹,30,2
18,3,空心菜,30,2
19,3,花椰菜,30,2
20,3,絲瓜,30,2
21,3,高麗菜,30,2
22,3,金針菇,30,2
23,3,秀珍菇,30,2
24,3,地瓜葉,30,2
25,3,娃娃菜,34,3
26,3,小黃瓜,30,2
27,3,豬皮,26,2
28,3,雞腳,26,2
29,3,鴨心,30,2
30,3,滷鴨血,30,2
31,3,鴨胗,34,3
32,3,豬頭皮,34,3
33,3,豬舌,34,3
34,3,豬耳朵,34,3
35,3,豬肉片,34,3
36,3,豬大腸,34,3
37,3,粉腸,34,3
38,3,隔間肉,43,4
39,3,雞胸肉,43,4
40,3,炸豆包,21,2
41,3,小豆干,21,2
42,3,凍豆腐,26,2
43,3,油皮,30,2
44,3,百頁豆腐,30,2
45,3,蘭花干,30,2
46,3,大黑干,26,2
47,3,炸油條,30,2
48,3,王子,21,2
49,3,細粉,21,2
50,3,蒸煮麵,26,2
51,3,意麵,26,2
52,3,寬粉,26,2
53,3,五木拉麵,30,2
54,3,烏龍麵,34,3
55,3,韓式拉麵,38,3
56,3,海帶,17,1
57,3,米血,21,2
58,3,燕餃,26,2
59,3,鑫鑫腸,26,2
60,3,魚餃,26,2
61,3,蟹肉棒,26,2
62,3,小貢丸,26,2
63,3,韓式魚板,26,2
64,3,烏蛋,26,2
65,3,水晶餃,26,2
66,3,魚豆腐,26,2
67,3,起司餃,26,2
68,3,竹輪,26,2
69,3,芋籤,26,2
70,3,蛋餃,26,2
71,3,龍蝦沙拉,26,2
72,3,甜不辣,26,2
73,3,黑輪,26,2
74,3,花枝丸,26,2
75,3,香菇貢丸,26,2
76,3,魚包蛋,26,2
77,3,糯米腸,30,2
78,3,德國香腸,30,2
79,3,年糕,30,2
80,3,原萃烏龍茶,30,2
81,3,原萃日式綠茶,30,2
82,3,美粒果蘋果汁【甜度冰量固定】,21,2
83,3,飛想茶檸檬紅茶【甜度冰量固定】,21,2
84,3,可樂,30,2
85,3,雪碧,30,2
86,3,原萃鍋煮風味麥茶,30,2
87,4,招牌川式鴨血,60,5
88,4,1號餐,111,11
89,4,2號餐,111,11
90,4,3號餐,119,11
91,4,水蓮,26,2
92,4,洋蔥,26,2
93,4,木耳,26,2
94,4,白蘿蔔,26,2
95,4,香菇,26,2
96,4,櫛瓜,30,2
97,4,玉米筍,30,2
98,4,小白菜,30,2
99,4,大陸妹,30,2
100,4,空心菜,30,2
101,4,花椰菜,30,2
102,4,絲瓜,30,2
103,4,高麗菜,30,2
104,4,金針菇,30,2
105,4,秀珍菇,30,2
106,4,地瓜葉,30,2
107,4,娃娃菜,34,3
108,4,小黃瓜,30,2
109,4,豬皮,26,2
110,4,雞腳,26,2
111,4,鴨心,30,2
112,4,滷鴨血,30,2
113,4,鴨胗,34,3
114,4,豬頭皮,34,3
115,4,豬舌,34,3
116,4,豬耳朵,34,3
117,4,豬肉片,34,3
118,4,豬大腸,34,3
119,4,粉腸,34,3
120,4,隔間肉,43,4
121,4,雞胸肉,43,4
122,4,炸豆包,21,2
123,4,小豆干,21,2
124,4,凍豆腐,26,2
125,4,油皮,30,2
126,4,百頁豆腐,30,2
127,4,蘭花干,30,2
128,4,大黑干,26,2
129,4,炸油條,30,2
130,4,王子,21,2
131,4,細粉,21,2
132,4,蒸煮麵,26,2
133,4,意麵,26,2
134,4,寬粉,26,2
135,4,五木拉麵,30,2
136,4,烏龍麵,34,3
137,4,韓式拉麵,38,3
138,4,海帶,17,1
139,4,米血,21,2
140,4,燕餃,26,2
141,4,鑫鑫腸,26,2
142,4,魚餃,26,2
143,4,蟹肉棒,26,2
144,4,小貢丸,26,2
145,4,韓式魚板,26,2
146,4,烏蛋,26,2
147,4,水晶餃,26,2
148,4,魚豆腐,26,2
149,4,起司餃,26,2
150,4,竹輪,26,2
151,4,芋籤,26,2
152,4,蛋餃,26,2
153,4,龍蝦沙拉,26,2
154,4,甜不辣,26,2
155,4,黑輪,26,2
156,4,花枝丸,26,2
157,4,香菇貢丸,26,2
158,4,魚包蛋,26,2
159,4,糯米腸,30,2
160,4,德國香腸,30,2
161,4,年糕,30,2
162,4,原萃烏龍茶,30,2
163,4,原萃日式綠茶,30,2
164,4,美粒果蘋果汁【甜度冰量固定】,21,2
165,4,飛想茶檸檬紅茶【甜度冰量固定】,21,2
166,4,可樂,30,2
167,4,雪碧,30,2
168,4,原萃鍋煮風味麥茶,30,2
169,5,招牌川式鴨血,60,5
170,5,1號餐,111,11
171,5,2號餐,111,11
172,5,3號餐,119,11
173,5,水蓮,26,2
174,5,洋蔥,26,2
175,5,木耳,26,2
176,5,白蘿蔔,26,2
177,5,香菇,26,2
178,5,櫛瓜,30,2
179,5,玉米筍,30,2
180,5,小白菜,30,2
181,5,大陸妹,30,2
182,5,空心菜,30,2
183,5,花椰菜,30,2
184,5,絲瓜,30,2
185,5,高麗菜,30,2
186,5,金針菇,30,2
187,5,秀珍菇,30,2
188,5,地瓜葉,30,2
189,5,娃娃菜,34,3
190,5,小黃瓜,30,2
191,5,豬皮,26,2
192,5,雞腳,26,2
193,5,鴨心,30,2
194,5,滷鴨血,30,2
195,5,鴨胗,34,3
196,5,豬頭皮,34,3
197,5,豬舌,34,3
198,5,豬耳朵,34,3
199,5,豬肉片,34,3
200,5,豬大腸,34,3
201,5,粉腸,34,3
202,5,隔間肉,43,4
203,5,雞胸肉,43,4
204,5,炸豆包,21,2
205,5,小豆干,21,2
206,5,凍豆腐,26,2
207,5,油皮,30,2
208,5,百頁豆腐,30,2
209,5,蘭花干,30,2
210,5,大黑干,26,2
211,5,炸油條,30,2
212,5,王子,21,2
213,5,細粉,21,2
214,5,蒸煮麵,26,2
215,5,意麵,26,2
216,5,寬粉,26,2
217,5,五木拉麵,30,2
218,5,烏龍麵,34,3
219,5,韓式拉麵,38,3
220,5,海帶,17,1
221,5,米血,21,2
222,5,燕餃,26,2
223,5,鑫鑫腸,26,2
224,5,魚餃,26,2
225,5,蟹肉棒,26,2
226,5,小貢丸,26,2
227,5,韓式魚板,26,2
228,5,烏蛋,26,2
229,5,水晶餃,26,2
230,5,魚豆腐,26,2
231,5,起司餃,26,2
232,5,竹輪,26,2
233,5,芋籤,26,2
234,5,蛋餃,26,2
235,5,龍蝦沙拉,26,2
236,5,甜不辣,26,2
237,5,黑輪,26,2
238,5,花枝丸,26,2
239,5,香菇貢丸,26,2
240,5,魚包蛋,26,2
241,5,糯米腸,30,2
242,5,德國香腸,30,2
243,5,年糕,30,2
244,5,原萃烏龍茶,30,2
245,5,原萃日式綠茶,30,2
246,5,美粒果蘋果汁【甜度冰量固定】,21,2
247,5,飛想茶檸檬紅茶【甜度冰量固定】,21,2
248,5,可樂,30,2
249,5,雪碧,30,2
250,5,原萃鍋煮風味麥茶,30,2
251,6,招牌川式鴨血,60,5
252,6,1號餐,111,11
253,6,2號餐,111,11
254,6,3號餐,119,11
255,6,水蓮,26,2
256,6,洋蔥,26,2
257,6,木耳,26,2
258,6,白蘿蔔,26,2
259,6,香菇,26,2
260,6,櫛瓜,30,2
261,6,玉米筍,30,2
262,6,小白菜,30,2
263,6,大陸妹,30,2
264,6,空心菜,30,2
265,6,花椰菜,30,2
266,6,絲瓜,30,2
267,6,高麗菜,30,2
268,6,金針菇,30,2
269,6,秀珍菇,30,2
270,6,地瓜葉,30,2
271,6,娃娃菜,34,3
272,6,小黃瓜,30,2
273,6,豬皮,26,2
274,6,雞腳,26,2
275,6,鴨心,30,2
276,6,滷鴨血,30,2
277,6,鴨胗,34,3
278,6,豬頭皮,34,3
279,6,豬舌,34,3
280,6,豬耳朵,34,3
281,6,豬肉片,34,3
282,6,豬大腸,34,3
283,6,粉腸,34,3
284,6,隔間肉,43,4
285,6,雞胸肉,43,4
286,6,炸豆包,21,2
287,6,小豆干,21,2
288,6,凍豆腐,26,2
289,6,油皮,30,2
290,6,百頁豆腐,30,2
291,6,蘭花干,30,2
292,6,大黑干,26,2
293,6,炸油條,30,2
294,6,王子,21,2
295,6,細粉,21,2
296,6,蒸煮麵,26,2
297,6,意麵,26,2
298,6,寬粉,26,2
299,6,五木拉麵,30,2
300,6,烏龍麵,34,3
301,6,韓式拉麵,38,3
302,6,海帶,17,1
303,6,米血,21,2
304,6,燕餃,26,2
305,6,鑫鑫腸,26,2
306,6,魚餃,26,2
307,6,蟹肉棒,26,2
308,6,小貢丸,26,2
309,6,韓式魚板,26,2
310,6,烏蛋,26,2
311,6,水晶餃,26,2
312,6,魚豆腐,26,2
313,6,起司餃,26,2
314,6,竹輪,26,2
315,6,芋籤,26,2
316,6,蛋餃,26,2
317,6,龍蝦沙拉,26,2
318,6,甜不辣,26,2
319,6,黑輪,26,2
320,6,花枝丸,26,2
321,6,香菇貢丸,26,2
322,6,魚包蛋,26,2
323,6,糯米腸,30,2
324,6,德國香腸,30,2
325,6,年糕,30,2
326,6,原萃烏龍茶,30,2
327,6,原萃日式綠茶,30,2
328,6,美粒果蘋果汁【甜度冰量固定】,21,2
329,6,飛想茶檸檬紅茶【甜度冰量固定】,21,2
330,6,可樂,30,2
331,6,雪碧,30,2
332,6,原萃鍋煮風味麥茶,30,2
333,13,原味蛋餅,26,2
334,13,起士蛋餅,30,3
335,13,肉鬆蛋餅,34,3
336,13,火腿蛋餅,34,3
337,13,玉米蛋餅,34,3
338,13,薯餅蛋餅,38,3
339,13,熱狗蛋餅,38,3
340,13,培根蛋餅,38,3
341,13,鮪魚蛋餅,38,3
342,13,燻雞蛋餅,41,4
343,13,豬排蛋餅,41,4
344,13,1號餐,65,6
345,13,6號餐,108,10
346,13,4號餐,82,8
347,13,2號餐,74,7
348,13,3號餐,78,7
349,13,黑胡椒鐵板麵,60,6
350,13,蘑菇鐵板麵,60,6
351,13,肉醬鐵板麵,60,6
352,13,宮保雞丁鐵板麵,64,6
353,13,奶油雞肉鐵板麵,64,6
354,13,火腿荷醬歐脆堡,45,4
355,13,豬肉荷醬歐脆堡,49,4
356,13,香雞荷醬歐脆堡,49,4
357,13,豬排荷醬歐脆堡,53,5
358,13,火腿荷醬元氣堡,45,4
359,13,豬肉荷醬元氣堡,49,4
360,13,香雞荷醬元氣堡,49,4
361,13,豬排荷醬元氣堡,53,5
362,13,培根荷醬捲餅,45,4
363,13,香雞荷醬捲餅,45,4
364,13,豬排荷醬捲餅,49,4
365,13,燻雞荷醬捲餅,49,4
366,13,豬肉陽光堡,45,4
367,13,培根陽光堡,45,4
368,13,香雞陽光堡,45,4
369,13,豬排陽光堡,49,4
370,13,豬肉起士堡,45,4
371,13,培根起士堡,45,4
372,13,香雞起士堡,45,4
373,13,豬排起士堡,49,4
374,13,原味咔拉雞腿起士堡,64,6
375,13,辣味咔拉雞腿起士堡,64,6
376,13,豬肉漢堡,34,3
377,13,香雞漢堡,38,3
378,13,燻雞漢堡,41,4
379,13,豬排漢堡,41,4
380,13,原味咔拉雞腿漢堡,56,5
381,13,辣味咔拉雞腿漢堡,56,5
382,13,原味香煎雞腿漢堡,56,5
383,13,辣味香煎雞腿漢堡,56,5
384,13,奶油吐司,19,1
385,13,花生吐司,19,1
386,13,椰香吐司,19,1
387,13,巧克力吐司,19,1
388,13,香蒜吐司,23,2
389,13,煎蛋烤吐司,30,3
390,13,火腿烤吐司,30,3
391,13,肉鬆烤吐司,30,3
392,13,培根烤吐司,34,3
393,13,豬肉烤吐司,34,3
394,13,鮪魚烤吐司,34,3
395,13,香雞烤吐司,38,3
396,13,燻雞烤吐司,41,4
397,13,豬排烤吐司,41,4
398,13,總匯烤吐司,60,6
399,13,原味咔拉雞腿烤吐司,56,5
400,13,辣味咔拉雞腿烤吐司,56,5
401,13,原味香煎雞腿烤吐司,56,5
402,13,辣味香煎雞腿烤吐司,56,5
403,13,奶油厚片,30,3
404,13,花生厚片,30,3
405,13,椰香厚片,30,3
406,13,巧克力厚片,30,3
407,13,香蒜厚片,34,3
408,13,奶油乳酪,30,3
409,13,花生乳酪,30,3
410,13,椰香乳酪,30,3
411,13,巧克力乳酪,30,3
412,13,香蒜乳酪,34,3
413,13,起士乳酪餅,30,3
414,13,火腿乳酪餅,34,3
415,13,肉鬆乳酪餅,38,3
416,13,培根乳酪餅,38,3
417,13,豬排乳酪餅,41,4
418,13,奶油貝果,34,3
419,13,花生貝果,34,3
420,13,椰香貝果,34,3
421,13,巧克力貝果,34,3
422,13,香蒜貝果,38,3
423,13,火腿活力貝果,45,4
424,13,燻雞活力貝果,49,4
425,13,豬排活力貝果,53,5
426,13,荷包蛋【全熟】,14,1
427,13,荷包蛋【半熟】,14,1
428,13,熱狗,19,1
429,13,薯餅,19,1
430,13,麥克雞塊,41,4
431,13,手工抓餅,26,2
432,13,港龍蘿蔔糕,34,3
433,13,煎餃,45,4
434,13,紅茶,30,3
435,13,綠茶【有糖】,30,3
436,13,綠茶【無糖】,30,3
437,13,奶茶,30,3
438,13,奶綠【有糖】,30,3
439,13,奶綠【無糖】,30,3
440,13,紅茶拿鐵,38,3
441,13,豆漿,23,2
442,13,焦糖牛乳,49,4
443,13,美式咖啡,30,3
444,13,特調咖啡,34,3
445,13,拿鐵咖啡,45,4
446,13,檸檬咖啡,41,4
447,13,焦糖拿鐵,53,5
448,13,檸檬汁,30,3
449,13,檸檬紅茶,30,3
450,13,百香綠茶,45,4
451,13,百香紅茶,45,4
452,13,百香果汁,45,4
453,14,香雞,47,4
454,14,豬肉,47,4
455,14,鮮蛋沙拉【麵包系列】,47,4
456,14,鮮蔬,47,4
457,14,鮪魚,51,5
458,14,歐姆蛋,51,5
459,14,培根,51,5
460,14,燻雞,51,5
461,14,黑胡椒豬里肌,55,5
462,14,超厚雞肉起司,72,7
463,14,卡滋雞腿,81,8
464,14,椒麻雞,81,8
465,14,超厚牛肉起司,85,8
466,14,原塊嫩雞起司,98,9
467,14,歐姆蛋滿分堡,51,5
468,14,火腿薯餅滿分堡,51,5
469,14,豬肉起司滿分堡,55,5
470,14,鮪魚蛋滿分堡,64,6
471,14,黑胡椒豬里肌蛋滿分堡,64,6
472,14,超厚雞肉起司滿分堡,68,6
473,14,花生厚牛起司滿分堡,85,8
474,14,原塊嫩雞起司滿分堡,89,8
475,14,椒麻雞起司滿分堡,89,8
476,14,酸菜花生厚雞滿分堡,89,8
477,14,酸菜花生厚牛滿分堡,102,10
478,14,薯餅起司蛋鬆餅堡,85,8
479,14,超厚雞肉起司蛋鬆餅堡,98,9
480,14,超厚牛肉起司蛋鬆餅堡,106,10
481,14,椒麻雞起司蛋鬆餅堡,106,10
482,14,原塊嫩雞起司蛋鬆餅堡,128,12
483,14,原味蛋餅,34,3
484,14,鮮蔬玉米蛋餅,51,5
485,14,鮪魚蛋餅,55,5
486,14,薯餅蛋餅,55,5
487,14,培根蛋餅,64,6
488,14,豬里肌蛋餅,64,6
489,14,蘿蔔糕,43,4
490,14,手工蔥抓蛋餅,51,5
491,14,黃金泡菜蔥抓餅,51,5
492,14,黃金泡菜酥炸餃,55,5
493,14,黃金泡菜蘿蔔糕,55,5
494,14,中式拼盤,81,8
495,14,古早味拼盤,81,8
496,14,時蔬雙蛋豆皮蛋餅,68,6
497,14,黑胡椒豬里肌豆皮蛋餅,89,8
498,14,黑胡椒鐵板麵,55,5
499,14,蘑菇鐵板麵,55,5
500,14,眷村麻醬鐵板麵（含蛋）,64,6
501,14,川味麻辣鐵板麵（含蛋）,64,6
502,14,鮪魚握蛋捲餅,72,7
503,14,燻雞握蛋捲餅,72,7
504,14,德腸握蛋捲餅,72,7
505,14,豬里肌握蛋捲餅,72,7
506,14,酸菜油條握蛋捲餅,81,8
507,14,酸菜米腸握蛋捲餅,85,8
508,14,抹醬湯種,30,2
509,14,抹醬丹麥,47,4
510,14,抹醬布里歐皇厚吐司,47,4
511,14,鮮蛋沙拉【沙拉系列】,89,8
512,14,燻雞沙拉,98,9
513,14,地瓜沙拉,102,10
514,14,嫩雞沙拉,119,11
515,14,菜脯蛋,30,2
516,14,法國吐司（甜）,43,4
517,14,歐姆蛋【點心系列】,47,4
518,14,黃金脆薯,47,4
519,14,四角薯餅,47,4
520,14,雞塊（5個）,47,4
521,14,美式鬆餅（甜）,47,4
522,14,香檸雞柳條（3個）,51,5
523,14,台灣番薯（2顆）,51,5
524,14,薯餅蛋塔,51,5
525,14,時蔬嫩蛋,55,5
526,14,椒麻雞塊,55,5
527,14,嫩煎腿排,72,7
528,14,原塊嫩雞（單片）,72,7
529,14,唐揚雞塊,81,8
530,14,酥炸杏鮑菇,81,8
531,14,奶油玉米濃湯,34,3
532,14,巧達濃湯,51,5
533,14,美式咖啡【12oz | 冰】,47,4
534,14,美式咖啡【12oz | 熱】,47,4
535,14,拿鐵咖啡【12oz | 冰】,55,5
536,14,拿鐵咖啡【12oz | 熱】,55,5
537,14,焦糖拿鐵【12oz | 冰】,64,6
538,14,焦糖拿鐵【12oz | 熱】,64,6
655,18,蔥油雞腿飯,189,18
539,14,榛果拿鐵【12oz | 冰】,64,6
540,14,榛果拿鐵【12oz | 熱】,64,6
541,14,錫蘭紅茶【L | 冰】,30,2
542,14,錫蘭紅茶【L | 溫】,30,2
543,14,錫蘭紅茶【XL | 冰】,34,3
544,14,錫蘭紅茶【XL | 溫】,34,3
545,14,冰釀綠茶【L | 冰 | 無糖】,30,2
546,14,冰釀綠茶【XL | 冰 | 無糖】,34,3
547,14,無糖豆漿【L | 冰】,30,2
548,14,無糖豆漿【L | 溫】,30,2
549,14,無糖豆漿【XL | 冰】,34,3
550,14,無糖豆漿【XL | 溫】,34,3
551,14,豆漿紅茶【L | 冰】,30,2
552,14,豆漿紅茶【L | 溫】,30,2
553,14,豆漿紅茶【XL | 冰】,34,3
554,14,豆漿紅茶【XL | 溫】,34,3
555,14,奶茶【L | 冰】,34,3
556,14,奶茶【L | 溫】,34,3
557,14,奶茶【XL | 冰】,43,4
558,14,奶茶【XL | 溫】,43,4
559,14,紅茶拿鐵【12oz | 冰】,43,4
560,14,紅茶拿鐵【12oz | 溫】,43,4
561,14,山藥薏仁漿【12oz | 冰】,47,4
562,14,山藥薏仁漿【12oz | 溫】,47,4
563,14,可可牛乳【12oz | 冰】,47,4
564,14,可可牛乳【12oz | 溫】,47,4
565,14,紐西蘭牛奶【12oz | 冰】,51,5
566,14,紐西蘭牛奶【12oz | 溫】,51,5
567,14,蘋果汁【12oz | 冰】,51,5
568,14,金萱包種茶【 L | 冷泡 | 無糖】,43,4
569,14,金萱包種茶【 12oz | 熱 | 無糖】,43,4
570,14,手熬冬瓜茶【XL｜冰 | 推薦】,47,4
571,14,鮮檸冬瓜茶【XL｜冰 | 推薦】,55,5
572,14,熱帶水果茶【XL｜冰】,55,5
573,14,萊姆蜜紅茶【XL｜冰】,55,5
574,14,夏威夷冰茶【XL｜冰 | 推薦 | 添加原味蒟蒻QQ】,64,6
575,14,紅豆斑斕方Q紅茶【L｜冰】,64,6
576,14,黑糖方Q撞奶【L｜冰】,72,7
577,14,美式鬆餅特餐,119,11
578,14,幸福特餐,128,12
579,14,法式特餐,140,14
580,14,羅勒燻雞三明治特餐,140,14
581,14,樂活特餐,145,14
582,14,法式羅勒鮪魚特餐,145,14
583,14,台式特餐,145,14
584,14,優蛋白蛋捲餐,162,16
585,14,地瓜雞肉餐,162,16
586,14,好食嫩雞餐,174,17
587,14,威爾遜嫩煎腿排可頌餐,179,17
588,14,泰式卡滋脆雞特餐,183,18
589,14,原塊嫩雞花椰菜米,183,18
590,14,茄汁德腸燉飯,145,14
591,14,羅勒燻雞燉飯,145,14
592,14,紫米時蔬嫩雞飯,145,14
593,14,咖哩杏鮑菇燉飯,157,15
594,14,西式紅酒牛肉飯,217,21
595,14,奶油培根義大利麵,123,12
596,14,青醬雞肉義大利麵,136,13
597,14,青醬蘑菇義大利麵,136,13
598,14,茄汁原塊嫩雞義大利麵,157,15
599,15,美式咖啡,90,9
600,15,Espresso濃縮咖啡加Milk,130,13
601,15,每日冰釀精品咖啡 12oz,180,18
602,15,咖啡師每日精選手沖莊園精品咖啡（限熱飲）,160,16
603,16,泡菜粥,105,10
604,16,霸王粥,100,10
605,16,蔬菜粥,95,9
606,16,蝦仁粥,95,9
607,16,海鮮粥,90,9
608,16,香菇雞肉粥,90,9
609,16,廣東粥,90,9
610,16,牛肉粥,90,9
611,16,吻魚粥,85,8
612,16,寶寶粥,85,8
613,16,皮蛋瘦肉粥,85,8
614,16,玉米瘦肉粥,85,8
615,16,人參雞肉粥,100,10
616,16,魚片粥,85,8
617,16,豬肝粥,80,8
618,16,泡菜湯麵,100,10
619,16,海鮮湯麵,90,9
620,16,牛肉湯麵,90,9
621,16,雞肉湯麵,90,9
622,16,豬肉湯麵,90,9
623,16,豬肝湯麵,80,8
624,16,泡菜鍋,130,13
625,16,海鮮鍋,130,13
626,16,肉燥飯,55,5
627,16,涼拌海帶根,45,4
628,16,韓式泡菜,45,4
629,16,皮蛋豆腐,45,4
630,16,燙青菜,45,4
631,17,好吃雞肉飯,135,13
632,17,好吃雞肉飯【有配菜】,165,16
633,17,咖哩雞肉飯,150,15
634,17,咖哩雞肉飯【有配菜】,185,18
635,17,好吃雞肉飯(有配菜),155,15
636,17,好吃雞肉飯,120,12
637,17,好吃雞肉飯(有配菜),155,15
638,17,咖哩雞肉飯,130,13
639,17,咖哩雞肉飯(有配菜),170,17
640,18,蔥油雞腿飯,189,18
641,18,竹山古井排骨飯,265,26
642,18,阿Qㄟ控肉飯,135,13
643,18,阿Qㄟ燒肉飯,135,13
644,18,阿Qㄟ炸排飯,135,13
645,18,香酥土魠魚飯,165,16
646,18,醬燒牛五花丼飯,165,16
647,18,醬燒豚五花丼飯,150,15
648,18,日式唐揚雞腿塊飯,165,16
649,18,日式黄金豬排飯,165,16
650,18,咖哩唐揚雞腿塊飯,165,16
651,18,咖哩黄金豬排飯,165,16
652,18,台式香香雞飯,135,13
653,18,阿Q滷排飯,135,13
654,18,香酥炸雞腿飯,175,17
656,19,(FP)8YO極韻白奶茶,89,8
657,19,(FP)308極韻白奶茶,89,8
658,19,(FP)307極韻白奶茶,99,9
659,19,(FP)406極韻白奶茶,99,9
660,19,(FP)茉心極韻白奶茶,99,9
661,19,(FP)順解ㄦㄦ柚香菌乳茶,89,8
662,19,(FP)激酵ㄦㄦ蜂凝菌乳茶,89,8
663,19,(FP)好纖ㄦㄦ(八曜和茶風味),70,7
664,19,(FP)好輕ㄦㄦ(和風308風味),85,8
665,19,(FP)好蜂ㄦㄦ(83蜂凝露風味),90,9
666,19,(FP)好解ㄦㄦ(雙C纖檸露風味),85,8
667,19,(FP)好美ㄦㄦ(八曜黑檸檬風味),90,9
668,19,(FP)好暖ㄦㄦ(冬戀奶茶風味),101,10
669,19,(FP)好醇ㄦㄦ(308炙燒濃乳風味),101,10
670,19,(FP)好視ㄦㄦ(和風) 茶乳,90,9
671,19,(FP)好視ㄦㄦ(和風) 乳茶,100,10
672,19,(FP)好盈ㄦㄦ(牧場308) 茶乳,100,10
673,19,(FP)好盈ㄦㄦ(牧場308) 乳茶,110,11
674,19,(FP)好菌ㄦㄦ(樂多308),105,10
675,19,(FP)好眠ㄦㄦ(八曜樂多),95,9
676,19,(FP)柚香覺醒307,74,7
677,19,(FP)柚香覺醒紅茶,72,7
678,19,(FP)八曜雙c纖檸露,57,5
679,19,(FP)寧夏307 正常,67,6
680,19,(FP)寧夏307 加酸,67,6
681,19,(FP)明日清爽檸檬茶 正常,62,6
682,19,(FP)明日清爽檸檬茶 加酸,62,6
683,19,(FP)京楓檸檬紅茶 正常,57,5
684,19,(FP)京楓檸檬紅茶 加酸,57,5
685,19,(FP)八曜黑檸檬茶 正,62,6
686,19,(FP)八曜黑檸檬茶 加酸,62,6
687,19,(ON)83蜂檸爽爽 正常,72,7
688,19,(ON)83蜂檸爽爽 加酸,72,7
689,19,(FP)八曜和茶,40,4
690,19,(FP)和風308,55,5
691,19,(FP)和風307,55,5
692,19,(FP)究極308(固定無糖),47,4
693,19,(FP)朝日覺醒紅茶,45,4
694,19,(ON)83蜂凝露(甜度冰量固定),60,6
695,19,(ON)83蜂見茶 紅茶,65,6
696,19,(ON)83蜂見茶 307,65,6
697,19,(FP)極上307 清香,42,4
698,19,(FP)極上307 濃厚,42,4
699,19,(FP)舞伎406紅茶,51,5
700,19,(FP)大地覺醒紅茶,40,4
701,19,(FP)明日清爽茶,40,4
702,19,(FP)茉妃505綠茶 清香,45,4
703,19,(FP)茉妃505綠茶 濃厚,45,4
704,19,(FP)焙煎黑烏龍,40,4
705,19,(FP)覺醒奶茶,65,6
706,19,(FP)匠心奶茶,70,7
707,19,(FP)深煎黑龍奶茶,65,6
708,19,(FP)京彩舞伎奶茶,76,7
709,19,(FP)冬戀奶茶,76,7
710,19,(FP)308炙燒濃乳,76,7
711,19,(FP)雪匠奶茶(冰量固定),79,7
712,19,(FP)茉妃雪奶,70,7
713,19,(ON)83蜂潮奶茶(甜度冰量固定),79,7
714,19,(FP)八曜和風 茶乳,65,6
715,19,(FP)八曜和風 乳茶,75,7
716,19,(FP)牧場覺醒 茶乳,65,6
717,19,(FP)牧場覺醒 乳茶,75,7
718,19,(FP)牧場黑烏龍 茶乳,70,7
719,19,(FP)牧場黑烏龍 乳茶,80,8
720,19,(FP)牧場307 茶乳,75,7
721,19,(FP)牧場307 乳茶,85,8
722,19,(FP)牧場308 茶乳,75,7
723,19,(FP)牧場308 乳茶,85,8
724,19,(FP)贅澤香焙歐蕾 茶乳,76,7
725,19,(FP)贅澤香焙歐蕾 乳茶,86,8
726,19,(FP)茉妃牧場505 茶乳,75,7
727,19,(FP)茉妃牧場505 乳茶,85,8
728,19,(FP)樂多307,80,8
729,19,(FP)樂多308,80,8
730,19,(FP)八曜樂多,70,7
731,19,(FP)明日樂多,70,7
732,19,(FP)茉語樂多(冰量固定),80,8
733,20,四季春青茶,40,4
734,20,珍波椰青茶,40,4
735,20,燕麥青茶,50,5
736,20,波霸紅茶拿鐵,70,7
737,20,珍珠奶茶,60,6
738,20,多多綠茶,45,4
739,20,冰淇淋紅茶,60,6
740,20,8冰綠,60,6
741,20,蜂蜜綠茶,45,4
742,20,茉莉綠茶,40,4
743,20,阿薩姆紅茶,40,4
744,20,四季春青茶,40,4
745,20,黃金烏龍,40,4
746,20,椰果青茶,50,5
747,20,椰果紅茶,50,5
748,20,椰果綠茶,50,5
749,20,椰果烏龍,50,5
750,20,珍珠青茶,50,5
751,20,珍珠紅茶,50,5
752,20,珍珠綠茶,50,5
753,20,珍珠烏龍,50,5
754,20,波霸青茶,50,5
755,20,波霸紅茶,50,5
756,20,波霸綠茶,50,5
757,20,波霸烏龍,50,5
758,20,燕麥青茶,50,5
759,20,燕麥紅茶,50,5
760,20,燕麥綠茶,50,5
761,20,燕麥烏龍,50,5
762,20,波霸微檸檬紅,45,4
763,20,梅の青茶,60,6
764,20,梅の紅茶,60,6
765,20,梅の綠茶,60,6
766,20,梅の烏龍,45,4
767,20,8冰青,60,6
768,20,8冰紅,60,6
769,20,8冰綠,60,6
770,20,8冰烏,45,4
771,20,多多青茶,60,6
772,20,多多紅茶,60,6
773,20,多多綠茶,60,6
774,20,多多烏,45,4
775,20,旺來青茶,60,6
776,20,旺來紅茶,60,6
777,20,旺來綠茶,60,6
778,20,旺來烏龍,45,4
779,20,情人茶,60,6
780,20,柚子紅,60,6
781,20,柚子綠,60,6
782,20,柚子青,60,6
783,20,柚子烏龍,60,6
784,20,蜂蜜青茶,45,4
785,20,蜂蜜紅茶,45,4
786,20,蜂蜜綠茶,45,4
787,20,蜂蜜烏龍,45,4
788,20,麵茶紅茶,60,6
789,20,珍珠麵茶紅茶,60,6
790,20,波霸麵茶紅茶,60,6
791,20,燕麥麵茶紅茶,60,6
792,20,椰果麵茶紅茶,60,6
793,20,布丁麵茶紅茶,70,7
794,20,奶茶,60,6
795,20,奶綠,60,6
796,20,奶青,60,6
797,20,烏龍奶,60,6
798,20,椰果奶茶,60,6
799,20,椰果奶綠,60,6
800,20,椰果奶青,60,6
801,20,椰果烏龍奶,60,6
802,20,珍珠奶茶,60,6
803,20,珍珠奶綠,60,6
804,20,珍珠奶青,60,6
805,20,珍珠烏龍奶,60,6
806,20,波霸奶茶,60,6
807,20,波霸奶綠,60,6
808,20,波霸奶青,60,6
809,20,波霸烏龍奶,60,6
810,20,燕麥奶茶,60,6
811,20,燕麥奶綠,60,6
812,20,燕麥奶青,60,6
813,20,燕麥烏龍奶,60,6
814,20,紅茶瑪奇朵,60,6
815,20,綠茶瑪奇朵,60,6
816,20,青茶瑪奇朵,60,6
817,20,烏龍瑪奇朵,60,6
818,20,布丁奶茶,70,7
819,20,布丁奶綠,70,7
820,20,布丁奶青,70,7
821,20,布丁烏龍奶,70,7
822,20,蜂蜜奶茶,55,5
823,20,蜂蜜奶綠,55,5
824,20,蜂蜜奶青,55,5
825,20,蜂蜜烏龍奶,55,5
826,20,阿華田,60,6
827,20,珍珠阿華田,60,6
828,20,波霸阿華田,60,6
829,20,燕麥阿華田,60,6
830,20,椰果阿華田,60,6
831,20,麵茶奶茶,70,7
832,20,珍珠麵茶奶茶,70,7
833,20,波霸麵茶奶茶,70,7
834,20,燕麥麵茶奶茶,70,7
835,20,椰果麵茶奶茶,70,7
836,20,布丁麵茶奶茶,80,8
837,20,紅茶拿鐵,70,7
838,20,綠茶拿鐵,70,7
839,20,四季拿鐵,70,7
840,20,重焙烏龍拿鐵,70,7
841,20,椰果紅茶拿鐵,70,7
842,20,椰果綠茶拿鐵,70,7
843,20,椰果四季拿鐵,70,7
844,20,椰果重焙烏龍拿鐵,70,7
845,20,珍珠紅茶拿鐵,70,7
846,20,珍珠綠茶拿鐵,70,7
847,20,珍珠四季拿鐵,70,7
848,20,珍珠重焙烏龍拿鐵,70,7
849,20,波霸紅茶拿鐵,70,7
850,20,波霸綠茶拿鐵,70,7
851,20,波霸四季拿鐵,70,7
852,20,波霸重焙烏龍拿鐵,70,7
853,20,燕麥紅茶拿鐵,70,7
854,20,燕麥綠茶拿鐵,70,7
855,20,燕麥四季拿鐵,70,7
856,20,燕麥重焙烏龍拿鐵,70,7
857,20,布丁紅茶拿鐵,80,8
858,20,布丁綠茶拿鐵,80,8
859,20,布丁四季拿鐵,80,8
860,20,布丁重焙烏龍拿鐵,80,8
861,20,阿華田拿鐵,70,7
862,20,珍珠阿華田拿鐵,70,7
863,20,波霸阿華田拿鐵,70,7
864,20,燕麥阿華田拿鐵,70,7
865,20,椰果阿華田拿鐵,70,7
866,20,麵茶紅茶拿鐵,80,8
867,20,珍珠麵茶紅茶拿鐵,80,8
868,20,波霸麵茶紅茶拿鐵,80,8
869,20,燕麥麵茶紅茶拿鐵,80,8
870,20,椰果麵茶紅茶拿鐵,80,8
871,20,布丁麵茶紅茶拿鐵,85,8
872,20,蜜茶,45,4
873,20,8冰茶,60,6
874,20,鳳梨汁,60,6
875,20,鮮梅汁,70,7
876,20,柚子茶,60,6
877,20,冰淇淋青茶,60,6
878,20,冰淇淋紅茶,60,6
879,20,冰淇淋綠茶,60,6
880,20,冰淇淋烏龍,60,6
881,20,芒果青茶,45,4
882,20,荔枝烏龍,45,4
883,20,冰淇淋奶茶,70,7
884,20,冰淇淋奶綠,70,7
885,20,冰淇淋奶青,70,7
886,20,冰淇淋烏龍奶,70,7
887,20,冰淇淋紅茶拿鐵,80,8
888,20,冰淇淋綠茶拿鐵,80,8
889,20,冰淇淋四季拿鐵,80,8
890,20,冰淇淋重焙烏龍拿鐵,80,8
891,20,冰淇淋麵茶紅茶,70,7
892,20,冰淇淋麵茶奶茶,80,8
893,20,冰淇淋麵茶紅茶拿鐵,85,8
894,21,羊肉羹飯,106,10
895,21,羊肉羹麵,106,10
896,21,羊肉羹米粉,106,10
897,21,羊肉羹冬粉,106,10
898,21,羊肉羹,106,10
899,21,魷魚羹飯,106,10
900,21,魷魚羹麵,106,10
901,21,魷魚羹米粉,106,10
902,21,魷魚羹冬粉,106,10
903,21,魷魚羹,106,10
904,21,赤肉羹飯,98,9
905,21,赤肉羹麵,98,9
906,21,赤肉羹米粉,98,9
907,21,赤肉羹冬粉,98,9
908,21,赤肉羹,98,9
909,21,綜合羹飯,119,11
910,21,綜合羹麵,119,11
911,21,綜合羹米粉,119,11
912,21,綜合羹冬粉,119,11
913,21,綜合羹,119,11
914,21,魷魚乾麵,106,10
915,21,魷魚冬粉,106,10
916,21,魷魚米粉,106,10
917,21,羊肉乾麵,106,10
918,21,羊肉冬粉,106,10
919,21,羊肉米粉,106,10
920,21,羊肉盤,183,18
921,21,魷魚盤,183,18
922,21,皮蛋豆腐,68,6
923,21,魯蛋,21,2
924,21,豆干,34,3
925,21,油豆腐,34,3
926,21,海帶,43,4
927,21,燙青菜,47,4
928,21,白飯,21,2
929,21,肉燥飯,55,5
930,21,丸仔湯,43,4
931,21,油豆腐湯,43,4
932,21,餛飩湯,68,6
933,21,切仔麵,64,6
934,21,陽春麵,64,6
935,21,米粉,64,6
936,21,冬粉,64,6
937,21,麻醬麵,77,7
938,21,餛飩麵,98,9
939,21,氣泡飲,32,3
940,23,豬腳麵【乾】,170,17
941,23,蛋花湯麵,90,9
942,23,餛飩麵【湯】,100,10
943,23,雞絲麵【湯】內容無雞肉絲,85,8
944,23,雞絲麵【乾】內容無雞肉絲,85,8
945,23,魯肉乾麵,85,8
946,23,南投意麵【湯】,85,8
947,23,南投意麵【乾】,85,8
948,23,新竹米粉【湯】,85,8
949,23,新竹米粉【乾】,85,8
950,23,陽春麵【湯】,85,8
951,23,陽春麵【乾】,85,8
952,23,黃麵【湯】,85,8
953,23,黃麵【乾】,85,8
954,23,板條【湯】,85,8
955,23,板條【乾】,85,8
956,23,麻醬乾麵,100,10
957,23,筒仔米糕,85,8
958,23,魯肉飯,85,8
959,23,炸醬飯,150,15
960,23,豬腳飯,170,17
961,23,豆芽、韭菜,45,4
962,23,燙青菜,70,7
963,23,柴魚韭菜,65,6
964,23,燙四季豆,95,9
965,23,五香豆干,55,5
966,23,油豆腐,55,5
967,23,三層肉,95,9
968,23,豬耳朵加頭皮,70,7
969,23,豬舌,80,8
970,23,豬肝連,95,9
971,23,筍干,80,8
972,23,魯蛋,30,3
973,23,蒜味魷魚,90,9
974,23,芥末魷魚,90,9
975,23,乾餛飩,110,11
976,23,大腸,90,9
977,23,苦瓜排骨湯,75,7
978,23,金針排骨湯,75,7
979,23,豬肝連湯,75,7
980,23,餛飩湯,75,7
981,23,蘿蔔湯,48,4
982,23,青菜湯,48,4
983,23,油豆腐湯,45,4
984,23,豬血湯,45,4
985,23,蛋花湯,45,4
986,23,貢丸湯,45,4
987,23,酥皮雞捲,95,9
988,23,鹽酥溪蝦,170,17
989,23,黃金隕石,180,18
990,23,椒鹽四季豆,95,9
991,23,海帶芽,60,6
992,23,涼拌小黃瓜,75,7
993,23,涼拌牛蒡絲,75,7
994,23,鹹蛤,75,7
995,23,花生,80,8
996,23,涼拌木耳,75,7
997,24,麻油燒酒雞,136,13
998,24,招牌飯,119,11
999,24,炸雞腿飯,145,14
1000,24,花生豬腳飯,136,13
1001,24,梅干扣肉飯,136,13
1002,24,鹽烤鯖魚飯,145,14
1003,24,筍干腿庫飯,136,13
1004,24,炸排骨飯,136,13
1005,24,大碗肉燥飯,68,6
1006,24,滷排骨飯,136,13
1007,24,花生豬腳,102,10
1008,24,筍干腿庫,94,9
1009,24,炸排骨,94,9
1010,24,鹽烤鯖魚,94,9
1011,24,梅干扣肉,102,10
1012,24,炸雞腿,102,10
1013,24,荷包蛋,17,1
1014,24,白菜滷,51,5
1015,24,筍干,51,5
1016,24,燙青菜,43,4
1017,24,油豆腐,51,5
1018,24,紫菜蛋花湯,51,5
1019,24,豆腐湯,51,5
1020,24,醬筍鮮魚湯,128,12
1021,25,紅茶,30,2
1022,25,綠茶,30,2
1023,25,青茶,30,2
1024,25,烏龍茶,30,2
1025,25,冬瓜茶,30,2
1026,25,蜜茶,30,2
1027,25,決明子茶,30,2
1028,25,仙草甘茶,30,2
1029,25,水蜜桃水梅茶,34,3
1030,25,百香水梅茶,34,3
1031,25,百香紅茶,38,3
1032,25,百香綠茶,38,3
1033,25,百香青茶,38,3
1034,25,冬瓜檸檬,38,3
1035,25,檸檬紅茶,38,3
1036,25,檸檬綠茶,38,3
1037,25,檸檬青茶,38,3
1038,25,漂浮紅茶,43,4
1039,25,葡萄柚綠茶,43,4
1040,25,葡萄柚青茶,43,4
1041,25,芒果綠茶,43,4
1042,25,芒果青茶,43,4
1043,25,薄荷綠茶,38,3
1044,25,薄荷青茶,38,3
1045,25,檸檬汁,38,3
1046,25,檸檬寒天晶球,47,4
1047,25,金桔檸檬,43,4
1048,25,蜂蜜檸檬,43,4
1049,25,蜂蜜紅茶,43,4
1050,25,蜂蜜綠茶,43,4
1051,25,烏梅汁,47,4
1052,25,桂圓紅棗茶,47,4
1053,25,烏梅紅茶,51,5
1054,25,烏梅綠茶,51,5
1055,25,鮮水果茶,51,5
1056,25,脆梅綠茶,47,4
1057,25,柳橙綠茶,60,5
1058,25,水蜜桃紅茶,38,3
1059,25,水蜜桃綠茶,38,3
1060,25,柳橙綠茶,60,5
1061,25,水蜜桃紅茶,38,3
1062,25,水蜜桃綠茶,38,3
1063,25,奶茶,34,3
1064,25,奶綠,34,3
1065,25,烏龍奶,34,3
1066,25,珍珠奶茶,38,3
1067,25,珍珠奶綠,38,3
1068,25,椰果奶茶,43,4
1069,25,椰果奶綠,43,4
1070,25,QQ奶茶,43,4
1071,25,QQ奶綠,43,4
1072,25,布丁奶茶,47,4
1073,25,布丁奶綠,47,4
1074,25,漂浮奶茶,51,5
1075,25,鴛鴦奶,55,5
1076,25,薄荷奶,43,4
1077,25,芋香奶,43,4
1078,25,阿華田,43,4
1079,25,黑糖奶茶,43,4
1080,25,可可奶茶,47,4
1081,25,草莓奶茶,47,4
1082,25,桂圓奶茶,55,5
1083,25,寒天奶茶,43,4
1084,25,蜂蜜奶茶,47,4
1085,25,薑汁撞奶,55,5
1086,25,紅茶拿鐵,43,4
1087,25,綠茶拿鐵,43,4
1088,25,芋香拿鐵,60,5
1089,25,阿華田拿鐵,60,5
1090,25,漂浮拿鐵,60,5
1091,25,冬瓜拿鐵,43,4
1092,25,烏龍拿鐵,43,4
1093,25,黑糖拿鐵,55,5
1094,25,黑糖珍珠拿鐵,64,6
1095,25,飄浮巧克力拿鐵,81,8
1096,25,可可拿鐵,64,6
1097,25,草莓拿鐵,60,5
1098,25,桂圓拿鐵,64,6
1099,25,仙草甘拿鐵,43,4
1100,25,薄荷拿鐵,60,5
1101,25,招牌咖啡,43,4
1102,25,卡布奇諾,47,4
1103,25,美式咖啡,51,5
1104,25,曼特寧,51,5
1105,25,拿鐵咖啡,55,5
1106,25,薄荷咖啡,55,5
1107,25,漂浮咖啡,55,5
1108,25,焦糖瑪奇朵,68,6
1109,25,鮮百香果汁,43,4
1110,25,鮮百香多酚,60,5
1111,25,鮮百香紅茶,47,4
1112,25,鮮百香青茶,47,4
1113,25,鮮百香雙Q,51,5
1114,25,鮮百香寒天,51,5
1115,25,鮮百香多多,60,5
1116,25,鮮百香綠茶,47,4
1117,25,鮮百香甘蔗青,60,5
1118,25,鮮百香椰果,51,5
1119,25,百香果冰沙,38,3
1120,25,水蜜桃冰沙,38,3
1121,25,檸檬冰沙,38,3
1122,25,綠豆沙冰沙,43,4
1123,25,芒果冰沙,43,4
1124,25,葡萄柚冰沙,43,4
1125,25,多多冰沙,43,4
1126,25,牛奶冰沙,43,4
1127,25,漂浮芒果冰沙,55,5
1128,25,綠豆沙牛奶冰沙,55,5
1129,25,咖啡冰沙,47,4
1130,25,飄浮巧克力冰沙,64,6
1131,25,巧克力冰沙,51,5
1132,25,飄浮草莓冰沙,64,6
1133,25,草莓冰沙,47,4
1134,25,甘蔗青茶,47,4
1135,25,甘蔗汁,60,5
1136,25,甘蔗檸檬,64,6
1137,25,甘蔗多酚,64,6
1138,25,甘蔗牛乳,68,6
1139,25,多多綠茶,43,4
1140,25,多多青茶,43,4
1141,25,檸檬多多,55,5
1142,25,葡萄柚多多,55,5
1143,25,多酚綠茶,43,4
1144,25,多酚梅子,43,4
1145,25,多酚檸檬,47,4
1146,25,多酚鮮奶,55,5
1147,25,珍珠冰茶,30,2
1148,25,寒天晶球冰茶,34,3
1149,25,椰果冰茶,34,3
1150,25,布丁冰茶,38,3
1151,25,原味山粉圓冰茶,30,2
1152,26,蔥花蛋餅,45,4
1153,26,玉米蛋餅,51,5
1154,26,火腿蛋餅,51,5
1155,26,培根蛋餅,51,5
1156,26,肉鬆蛋餅,51,5
1157,26,起司蛋餅,51,5
1158,26,熱狗蛋餅,57,5
1159,26,鮪魚蛋餅,57,5
1160,26,排肉蛋餅,63,6
1161,26,燻雞蛋餅,63,6
1162,26,草莓吐司,34,3
1163,26,花生吐司,34,3
1164,26,奶油吐司,34,3
1165,26,巧克力吐司,34,3
1166,26,火腿蛋吐司,51,5
1167,26,培根蛋吐司,51,5
1168,26,肉鬆蛋吐司,51,5
1169,26,起司蛋吐司,51,5
1170,26,鮪魚蛋吐司,57,5
1171,26,排肉蛋吐司,63,6
1172,26,蘿蔔糕,51,5
1173,26,煎餃,51,5
1174,26,單點熱狗,34,3
1175,26,排肉飯,63,6
1176,26,荷包蛋,18,1
1177,26,單點排肉,34,3
1178,26,蔥抓餅,50,5
1179,26,油豆腐湯,34,3
1180,26,貢丸湯,34,3
1181,26,紅茶,23,2
1182,26,豆漿,29,2
1183,26,奶茶,29,2
1184,27,爆醬！是拉差咔啦雞腿堡絕配餐,358,35
1185,27,爆醬！是拉差咔啦雞腿堡XL餐,425,42
1186,27,咔啦雞腿漢堡XL套餐(中辣),329,32
1187,27,青花椒香麻咔啦雞腿漢堡XL套餐(辣),345,34
1188,27,吮指雙雞XL套餐(中辣),374,37
1189,27,義式香草紙包雞XL套餐,385,38
1190,27,原味蛋撻禮盒,419,41
1191,27,暖心時光奶茶套餐,205,20
1192,27,原味蛋撻禮盒點心奶茶套餐,492,49
1193,27,冰淇淋蛋撻雙人下午茶,373,37
1194,27,原味脆雞堡(小)獨享餐,109,10
1195,27,花生脆雞堡(小)獨享餐,120,12
1196,27,咔啦雞腿堡獨享餐,153,15
1197,27,吮指雙雞獨享餐 ,186,18
1198,27,韓式起司脆雞飯,199,19
1199,27,蛋撻鱈魚圈圈分享組6折,366,36
1200,27,蛋撻蝦塊分享組67折,397,39
1201,27,鱈魚圈圈+雞塊點心組76折,213,21
1202,27,蝦塊點心組77折,210,21
1203,27,原味蛋撻禮盒2盒,591,59
1204,27,爆脆無骨雞腿霸絕配餐,276,27
1205,27,吮指雙雞絕配餐(中辣),280,28
1206,27,咔啦雞腿漢堡絕配餐(中辣),237,23
1207,27,青花椒香麻咔啦雞腿漢堡絕配餐(辣),248,24
1208,27,義式香草紙包雞絕配餐,291,29
1209,27,花生熔岩咔啦雞腿漢堡絕配餐(中辣),269,26
1210,27,青花椒香麻脆雞絕配餐(辣),291,29
1211,27,黃金魚子海陸Q蝦堡絕配餐(辣),291,29
1212,27,花生熔岩咔啦雞腿漢堡XL套餐(中辣),326,32
1213,27,青花椒香麻脆雞XL套餐(辣) ,325,32
1214,27,黃金魚子海陸Q蝦堡XL套餐(辣),338,33
1215,27,爆脆無骨雞腿霸 XL餐,319,31
1216,27,吮指雙雞XL套餐(中辣),293,29
1217,27,咔啦雞腿漢堡XL套餐(中辣),273,27
1218,27,義式香草紙包雞XL餐,298,29
1219,27,青花椒香麻咔啦雞腿漢堡XL餐(辣),283,28
1220,27,咔啦雞腿漢堡雙人餐(中辣),439,43
1221,27,青花椒香麻咔啦雞腿漢堡雙人餐(辣),502,50
1222,27,雙人好食雞餐(義式香草紙包雞+咔啦脆雞),519,51
1223,27,青花椒香麻脆雞雙人餐(辣),507,50
1224,27,歡享經典餐,519,51
1225,27,歡聚B餐-6塊雞,633,63
1226,27,原味脆雞堡(小),95,9
1227,27,花生脆雞堡(小),105,10
1228,27,花生熔岩咔啦雞腿堡,201,20
1229,27,黃金魚子海陸Q蝦堡,218,21
1230,27,雙層咔啦雞腿堡,218,21
1231,27,上校雞塊 4塊,63,6
1232,27,雞汁風味飯,69,6
1233,27,青花椒雞塊,76,7
1234,27,黃金超蝦塊,77,7
1235,27,魚圈圈,77,7
1236,27,青花椒薯條,83,8
1237,27,香酥脆薯(小),59,5
1238,27,香酥脆薯(中),69,6
1239,27,香酥脆薯(大),83,8
1240,27,咔啦脆雞 ,95,9
1241,27,咔啦爆脆雞,95,9
1242,27,青花椒香麻脆雞,105,10
1243,27,20塊上校雞塊,298,29
1244,27,百事可樂(小),48,4
1245,27,立頓檸檬風味紅茶(小),48,4
1246,27,無糖茉莉綠茶(小),48,4
1247,27,七喜(小),48,4
1248,27,百事可樂(中),51,5
1249,27,立頓檸檬風味紅茶(中),51,5
1250,27,無糖茉莉綠茶(中),51,5
1251,27,七喜(中),51,5
1252,27,瓶裝百事可樂,80,8
1253,27,經典冰奶茶,54,5
1254,27,經典熱奶茶(小),52,5
1255,27,經典熱奶茶(中),58,5
1256,27,熱紅茶,52,5
1257,27,雙色轉轉QQ球,77,7
1258,27,原味蛋撻1顆,67,6
1259,27,原味蛋撻2顆,133,13
1260,27,草莓起司冰淇淋大福1顆,69,6
1261,27,草莓起司冰淇淋大福2顆,141,14
1262,27,草莓起司冰淇淋大福禮盒,531,53
1263,27,金黃比司吉,77,7
1264,27,塑膠袋,3,0
1265,28,蘋果茶,60,6
1266,28,新鮮檸檬原汁(無籽檸檬),62,6
1267,28,紐西蘭純牛奶,67,6
1268,28,招牌西西里咖啡,87,8
1269,28,重乳咖啡,107,10
1270,28,海鹽咖啡,115,11
1271,28,冷萃紅茶,50,5
1272,28,檸檬紅茶(新鮮茶葉與檸檬 非即溶),67,6
1273,28,奶茶控 千萬別錯過 純情鮮奶茶,72,7
1274,28,法芙娜可可飲(紐西蘭牛奶),115,11
1275,28,抹茶牛奶(天然無色素),110,11
1276,28,西西里氣泡咖啡（消暑聖品 經典招牌）,97,9
1277,28,清香檸檬氣泡飲（消暑聖品 新鮮鮮榨）,82,8
1278,28,雙色起司蛋 不使用起司片,87,8
1279,28,天菜香鬆餅,87,8
1280,28,經典貓王【無肉】,90,9
1281,28,經典鮪魚,102,10
1282,28,美式燻雞,102,10
1283,28,原味鬆餅,47,4
1284,28,黑芝麻鬆餅(天然無色素),57,5
1285,28,法芙娜可可鬆餅(100%無糖純可可粉),67,6
1286,28,抹茶鬆餅(天然無色素),67,6
1287,28,咖啡鬆餅(天然無色素),67,6
1288,28,蜂蜜鬆餅,52,5
1289,28,藍莓果醬鬆餅,52,5
1290,28,花生醬鬆餅(含顆粒),52,5
1291,28,榛果可可鬆餅,67,6
1292,28,巧克力鬆餅,62,6
1293,28,煉乳鬆餅,62,6
1294,28,焦糖鬆餅,62,6
1295,28,草莓起司 不使用起司片,67,6
1296,28,QQ麻薯,67,6
1297,28,鹽味法芙娜可可鬆餅(內餡甜味奶油與玫瑰鹽),90,9
1298,28,新品 奶蓋夾心鬆餅(鮮奶油與玫瑰鹽),85,8
1299,28,奶素卡士達,85,8
1300,28,黑糖珍珠奶素卡士達,82,8
1301,28,香蕉鬆餅(搭配奶素卡士達 再擇一淋醬),85,8
1302,28,乾式奶酥葡萄鬆餅(不是抹醬請看口味介紹唷),75,7
1303,28,風味咖啡鬆餅(搭配奶素卡士達 淋醬二擇一),92,9
1304,28,風味抹茶奶素卡士達,90,9
1305,29,蛋素飯糰,59,5
1306,29,鹹蛋飯糰（蛋素）,84,8
1307,29,全素飯糰,59,5
1308,29,雙蛋（蛋素）,108,10
1309,29,肉鬆飯糰,74,7
1310,29,鮪魚飯糰,84,8
1311,29,燒肉飯糰,84,8
1312,29,香腸飯糰,84,8
1313,29,雞肉飯飯糰,84,8
1314,29,爌肉飯糰,84,8
1315,29,雙蛋飯糰,108,10
1316,29,柴魚飯糰,84,8
1317,29,紅茶,31,3
1318,29,奶茶（非鮮奶茶）,39,3
1319,29,辣菜脯,2,0
1320,29,加油條,13,1
1321,29,加蜜汁柴魚酥,26,2
1322,29,加滷蛋（一整顆）,20,1
1323,29,加鹹蛋黃（一整顆）,26,2
1324,29,加皮蛋（一整顆）,26,2
1325,29,加爌肉,40,3
1326,29,加香腸,35,3
1327,29,加燒肉,40,3
1328,29,加鮪魚,36,3
1329,29,加肉鬆,36,3
1330,29,袋子,2,0
1331,30,熟成紅茶,40,4
1332,30,胭脂多多,60,6
1333,30,春梅冰茶,60,6
1334,30,半熟烏龍厚乳,79,7
1335,30,"白玉奶茶
",60,6
1336,30,熟檸紅茶,65,6
1337,30,胭脂歐蕾,69,6
1338,30,春芽冷露,55,5
1339,30,熟成歐蕾,75,7
1340,30,冷露歐蕾,75,7
1341,30,金蜜歐蕾,80,8
1342,30,胭脂歐蕾,78,7
1343,30,白玉歐蕾,80,8
1344,30,熟成榛果歐蕾,80,8
1345,30,鴛鴦歐蕾,80,8
1346,30,墨玉鴛鴦歐蕾,90,9
1347,30,半熟烏龍歐蕾,79,7
1348,30,"熟成奶茶
",65,6
1349,30,"春芽奶茶
",65,6
1350,30,"胭脂奶茶
",70,7
1351,30,"白玉奶茶
",70,7
1352,30,茶花烏龍梅,69,6
1353,30,茶花烏龍多多,69,6
1354,30,春梅冰茶,69,6
1355,30,熟檸紅茶,65,6
1356,30,春檸綠茶,65,6
1357,30,太妃熟成,63,6
1358,30,金蜜熟成,73,7
1359,30,胭脂多多,70,7
1360,30,茶花輕焙烏龍,55,5
1361,30,熟成紅茶,45,4
1362,30,麗春紅茶,45,4
1363,30,春芽綠茶,45,4
1364,30,胭脂紅茶,55,5
1365,30,半熟烏龍,45,4
1366,30,輕纖穀奈茶,55,5
1367,30,穀奈冷露,60,6
1368,30,穀奈歐蕾,78,7
1369,30,金蜜檸檬,73,7
1370,30,雪花冷露,45,4
1371,30,熟成冷露,55,5
1372,30,春芽冷露,55,5
1373,30,胭脂冷露,60,6
1374,30,檸檬冷露,70,7
1375,30,半熟烏龍冷露,55,5
1376,30,雪藏紅茶,70,7
1377,30,"雪藏奶茶
",79,7
1378,30,2元塑膠袋,2,0
1379,30,茶花烏龍厚乳,79,7
1380,30,生茶烏龍厚乳,89,8
1381,30,半熟烏龍厚乳,79,7
1382,31,紅心芭樂烏龍奶昔,85,8
1383,31,緋烏龍鮮奶,70,7
1384,31,輕烏龍鮮奶,65,6
1385,31,焙烏龍奶茶,55,5
1386,31,烘吉奶茶,60,6
1387,31,紅茶,35,3
1388,31,芝士奶蓋阿華田,65,6
1389,31,烘吉鮮奶,80,8
1390,31,"⭐暫不接受""客製化飲品備註"" 謝謝!",99999,9999
1391,31,春烏龍,40,4
1392,31,輕烏龍,40,4
1393,31,焙烏龍,40,4
1394,31,綠茶,35,3
1395,31,紅茶,35,3
1396,31,緋烏龍,45,4
1397,31,檸檬春烏龍,65,6
1398,31,香橙春烏龍,70,7
1399,31,甘蔗春烏龍,70,7
1400,31,青梅春烏龍,60,6
1401,31,優酪春烏龍,65,6
1402,31,雙柚金烏龍,65,6
1403,31,芝士奶蓋春烏龍,60,6
1404,31,芝士奶蓋焙烏龍,60,6
1405,31,芝士奶蓋烘吉茶,65,6
1406,31,芝士奶蓋阿華田,65,6
1407,31,芝士奶蓋緋烏龍,65,6
1408,31,奶茶,55,5
1409,31,珍珠奶茶,65,6
1410,31,黃金珍珠奶綠,65,6
1411,31,焙烏龍奶茶,55,5
1412,31,烘吉奶茶,60,6
1413,31,緋烏龍奶茶,60,6
1414,31,紅茶鮮奶,65,6
1415,31,焙烏龍鮮奶,65,6
1416,31,輕烏龍鮮奶,65,6
1417,31,烘吉鮮奶,80,8
1418,31,緋烏龍鮮奶,70,7
1419,31,一杯袋,1,0
1420,31,四杯袋,2,0
1421,31,六杯袋,2,0
1422,33,鍋燒烏龍麵,106,10
1423,33,鍋燒意麵,106,10
1424,33,鍋燒河粉,106,10
1425,33,鍋燒冬粉,106,10
1426,33,鍋燒雞絲麵,106,10
1427,33,鍋燒泡飯,106,10
1428,33,鍋燒泡麵,106,10
1429,33,鍋燒湯,89,8
1430,33,養生鍋烏龍麵,123,12
1431,33,養生鍋意麵,123,12
1432,33,養生鍋河粉,123,12
1433,33,養生鍋冬粉,123,12
1434,33,養生鍋泡飯,123,12
1435,33,養生鍋泡麵,123,12
1436,33,養生鍋雞絲麵,123,12
1437,33,養生湯,106,10
1438,33,泡菜烏龍麵,123,12
1439,33,泡菜意麵,123,12
1440,33,泡菜河粉,123,12
1441,33,泡菜冬粉,123,12
1442,33,泡菜雞絲麵,123,12
1443,33,泡菜泡飯,123,12
1444,33,泡菜泡麵,123,12
1445,33,泡菜湯,106,10
1446,33,麻辣烏龍麵,123,12
1447,33,麻辣意麵,123,12
1448,33,麻辣河粉,123,12
1449,33,麻辣冬粉,123,12
1450,33,麻辣雞絲麵,123,12
1451,33,麻辣泡飯,123,12
1452,33,麻辣泡麵,123,12
1453,33,麻辣湯,106,10
1454,33,麻辣大腸鴨血,106,10
1455,33,麻辣大腸米血,106,10
1456,33,牛奶烏龍麵,123,12
1457,33,牛奶意麵,123,12
1458,33,牛奶河粉,123,12
1459,33,牛奶冬粉,123,12
1460,33,牛奶雞絲麵,123,12
1461,33,牛奶泡飯,123,12
1462,33,牛奶泡麵,123,12
1463,33,牛奶湯,106,10
1464,33,廣東粥,123,12
1465,33,海鮮粥,123,12
1466,33,吻仔魚粥,123,12
1467,33,泡菜粥,123,12
1468,33,皮蛋瘦肉粥,106,10
1469,33,玉米瘦肉粥,106,10
1470,33,燙青菜,65,6
1471,33,皮蛋豆腐,65,6
1472,33,肉燥飯,65,6
1473,34,炒麵,50,5
1474,34,糯米腸,60,6
1475,34,蔥花蛋餅,40,4
1476,34,菜頭粿,50,5
1477,34,油飯,50,5
1478,34,菜頭粿+油飯,60,6
1479,34,菜頭粿+炒麵,60,6
1480,34,菜頭粿+糯米腸,60,6
1481,34,糯米腸+油飯,60,6
1482,34,糯米腸+炒麵,60,6
1483,34,炒麵+油飯,60,6
1484,34,綜合煎盤粿,70,7
1485,34,蔥花蛋餅＋菜頭粿,60,6
1486,34,蔥花蛋餅＋炒麵,60,6
1487,34,蔥花蛋餅＋糯米腸,60,6
1488,34,蔥花蛋餅＋油飯,60,6
1489,34,苦瓜排骨湯,50,5
1490,34,芋頭排骨湯,50,5
1491,34,菜頭排骨湯,50,5
1492,34,猴頭菇排骨湯,50,5
1493,35,塑膠袋,1,0
1494,35,明太子炸蝦,135,13
1495,35,日式厚豬排,135,13
1496,35,筊白筍天婦羅,85,8
1497,35,塔香猴頭菇,105,10
1498,35,明太子雙蛋,110,11
1499,35,客家鹹豬肉,120,12
1500,35,泰式打拋豬,120,12
1501,35,酥脆雞薯條,70,7
1502,35,明太子炸蝦軍艦,299,29
1503,35,天婦羅筊白筍軍艦,219,21
1504,36,西瓜汁,43,4
1505,36,大罐 柳丁原汁,145,14
1506,36,金桔檸檬,51,5
1507,36,椰子汁,98,9
1508,36,小罐 柳丁原汁,43,4
1509,36,柳丁 1 包 | 新鮮好甜,123,12
1510,37,招牌芝麻涼麵,69,6
1511,37,泰式酸辣涼麵,69,6
1512,37,韓風芝麻雙醬涼麵,79,7
1513,37,筒仔米糕,65,6
1514,37,手切魯肉飯,70,7
1515,37,黑胡椒豬柳飯,75,7
1516,37,套餐C綜合三色蒸餃，小黃瓜，海根，香Q滷蛋，燙時蔬，飲品,189,18
1517,37,套餐B排骨酥麵，燙青菜,165,16
1518,37,套餐A 鮮肉湯包7顆，排骨酥湯,165,16
1519,37,鮮肉小籠湯包,80,8
1520,37,牛肉湯包,95,9
1521,37,港式蝦餃,85,8
1522,37,綜合蒸餃,95,9
1523,37,港式燒賣,85,8
1524,37,清蒸肉圓,69,6
1525,37,餛飩湯麵,110,11
1526,37,香辣小魚乾拌麵,85,8
1527,37,精燉肉燥麵（湯）,75,7
1528,37,精燉肉燥麵（乾）,75,7
1529,37,蘿蔔排骨酥麵,115,11
1530,37,冬瓜排骨酥麵,115,11
1531,37,芋頭排骨酥麵,115,11
1532,37,芋頭排骨酥米粉,115,11
1533,37,手切魯肉乾拌麵,70,7
1534,37,餛飩湯,85,8
1535,37,精燉香菇雞湯,80,8
1536,37,蘿蔔排骨酥湯,85,8
1537,37,冬瓜排骨酥湯,85,8
1538,37,芋頭排骨酥湯,85,8
1539,37,香菇丸子湯,50,5
1540,37,阿薩姆紅茶,30,3
1541,37,阿薩姆奶茶,40,4
1542,37,豆漿,40,4
1543,37,香Q滷蛋,30,3
1544,37,煙燻豬耳朵絲,60,6
1545,37,燙青菜,60,6
1546,37,涼拌木耳 【一份】,60,6
1547,37,涼拌小黃瓜 【一份】,60,6
1548,37,涼拌海根【一份】,50,5
1549,37,涼拌牛蒡絲,60,6
1550,38,1號餐,77,7
1551,38,2號餐,88,8
1552,38,3號餐,93,9
1553,38,4號餐,97,9
1554,38,5號餐,110,10
1555,38,6號餐,123,12
1556,38,7號餐,88,8
1557,38,8號餐,99,9
1558,38,雨林紅茶,25,2
1559,38,奶茶,25,2
1560,38,綠茶,25,2
1561,38,奶綠,25,2
1562,38,紅茶拿鐵,34,3
1563,38,豆漿,25,2
1564,38,麥芽可可,34,3
1565,38,可可拿鐵,49,4
1566,38,紐西蘭牛乳,39,3
1567,38,焦糖牛乳,49,4
1568,38,美式咖啡,34,3
1569,38,特調咖啡,34,3
1570,38,檸檬咖啡,39,3
1571,38,拿鐵咖啡,44,4
1572,38,焦糖拿鐵,59,5
1573,38,檸檬汁,30,2
1574,38,檸檬紅茶,30,2
1575,38,百香果汁,30,2
1576,38,柳橙綠茶,39,3
1577,38,百香紅茶,39,3
1578,38,百香綠茶,39,3
1579,38,100%柳橙汁,69,6
1580,38,荷醬豬肉雜糧軟法,59,5
1581,38,荷醬豬肉雜糧軟法【加蛋】,69,6
1582,38,荷醬豬排雜糧軟法,69,6
1583,38,荷醬豬排雜糧軟法【加蛋】,78,7
1584,38,塔塔香雞雜糧軟法,59,5
1585,38,塔塔香雞雜糧軟法【加蛋】,69,6
1586,38,塔塔鱈魚雜糧軟法,83,8
1587,38,塔塔鱈魚雜糧軟法【加蛋】,93,9
1588,38,荷醬豬肉歐脆堡,59,5
1589,38,荷醬豬肉歐脆堡【加蛋】,69,6
1590,38,荷醬豬排歐脆堡,69,6
1591,38,荷醬豬排歐脆堡【加蛋】,78,7
1592,38,塔塔香雞歐脆堡,59,5
1593,38,塔塔香雞歐脆堡【加蛋】,69,6
1594,38,塔塔鱈魚歐脆堡,83,8
1595,38,塔塔鱈魚歐脆堡【加蛋】,93,9
1596,38,荷醬豬肉元氣堡,59,5
1597,38,荷醬豬肉元氣堡【加蛋】,69,6
1598,38,荷醬豬排元氣堡,69,6
1599,38,荷醬豬排元氣堡【加蛋】,78,7
1600,38,塔塔香雞元氣堡,59,5
1601,38,塔塔香雞元氣堡【加蛋】,69,6
1602,38,塔塔鱈魚元氣堡,83,8
1603,38,塔塔鱈魚元氣堡【加蛋】,93,9
1604,38,荷醬豬肉陽光堡,59,5
1605,38,荷醬豬肉陽光堡【加蛋】,69,6
1606,38,荷醬培根陽光堡,59,5
1607,38,荷醬培根陽光堡【加蛋】,69,6
1608,38,荷醬燻雞陽光堡,64,6
1609,38,荷醬燻雞陽光堡【加蛋】,73,7
1610,38,荷醬豬排陽光堡,69,6
1611,38,荷醬豬排陽光堡【加蛋】,78,7
1612,38,塔塔咔拉雞腿陽光堡,88,8
1613,38,塔塔咔拉雞腿陽光堡【加蛋】,98,9
1614,38,塔塔香雞陽光堡,59,5
1615,38,塔塔香雞陽光堡【加蛋】,69,6
1616,38,塔塔鱈魚陽光堡,83,8
1617,38,塔塔鱈魚陽光堡【加蛋】,93,9
1618,38,荷醬豬肉起士堡,59,5
1619,38,荷醬豬肉起士堡【加蛋】,69,6
1620,38,荷醬豬排起士堡,69,6
1621,38,荷醬豬排起士堡【加蛋】,78,7
1622,38,塔塔咔拉雞腿起士堡,88,8
1623,38,塔塔咔拉雞腿起士堡【加蛋】,98,9
1624,38,塔塔香雞起士堡,59,5
1625,38,塔塔香雞起士堡【加蛋】,69,6
1626,38,塔塔鱈魚起士堡,83,8
1627,38,塔塔鱈魚起士堡【加蛋】,93,9
1628,38,荷醬培根捲餅,49,4
1629,38,荷醬培根捲餅【加蛋】,59,5
1630,38,荷醬豬排捲餅,54,5
1631,38,荷醬豬排捲餅【加蛋】,64,6
1632,38,荷醬燻雞捲餅,54,5
1633,38,荷醬燻雞捲餅【加蛋】,64,6
1634,38,塔塔香雞捲餅,49,4
1635,38,塔塔香雞捲餅【加蛋】,59,5
1636,38,塔塔鱈魚捲餅,73,7
1637,38,塔塔鱈魚捲餅【加蛋】,83,8
1638,38,原味蛋餅,30,2
1639,38,起士蛋餅,39,3
1640,38,起士蛋餅【加起士】,49,4
1641,38,玉米蛋餅,39,3
1642,38,玉米蛋餅【加起士】,49,4
1643,38,肉鬆蛋餅,44,4
1644,38,肉鬆蛋餅【加起士】,54,5
1645,38,火腿蛋餅,44,4
1646,38,火腿蛋餅【加起士】,54,5
1647,38,蔬菜蛋餅,44,4
1648,38,蔬菜蛋餅【加起士】,54,5
1649,38,培根蛋餅,49,4
1650,38,培根蛋餅【加起士】,59,5
1651,38,薯餅蛋餅,54,5
1652,38,薯餅蛋餅【加起士】,64,6
1653,38,鮪魚蛋餅,54,5
1654,38,鮪魚蛋餅【加起士】,64,6
1655,38,燻雞蛋餅,54,5
1656,38,燻雞蛋餅【加起士】,64,6
1657,38,豬排蛋餅,54,5
1658,38,豬排蛋餅【加起士】,64,6
1659,38,黑胡椒鐵板麵,64,6
1660,38,蘑菇鐵板麵,64,6
1661,38,肉醬鐵板麵,64,6
1662,38,宮保雞丁鐵板麵,69,6
1663,38,奶油雞肉鐵板麵,69,6
1664,38,火腿貝果,54,5
1665,38,火腿貝果【加蛋】,64,6
1666,38,燻雞貝果,59,5
1667,38,燻雞貝果【加蛋】,69,6
1668,38,豬排貝果,64,6
1669,38,豬排貝果【加蛋】,73,7
1670,38,蔬菜漢堡,34,3
1671,38,蔬菜漢堡【加蛋】,44,4
1672,38,豬肉漢堡,39,3
1673,38,豬肉漢堡【加蛋】,49,4
1674,38,香雞漢堡,39,3
1675,38,香雞漢堡【加蛋】,49,4
1676,38,燻雞漢堡,49,4
1677,38,燻雞漢堡【加蛋】,59,5
1678,38,豬排漢堡,49,4
1679,38,豬排漢堡【加蛋】,59,5
1680,38,咔拉雞腿漢堡,73,7
1681,38,咔拉雞腿漢堡【加蛋】,83,8
1682,38,香煎雞腿漢堡,73,7
1683,38,香煎雞腿漢堡【加蛋】,83,8
1684,38,塔塔鱈魚漢堡,73,7
1685,38,塔塔鱈魚漢堡【加蛋】,83,8
1686,38,荷包蛋,14,1
1687,38,熱狗,20,1
1688,38,薯餅,25,2
1689,38,黃金脆薯,34,3
1690,38,手工抓餅,34,3
1691,38,手工抓餅【加蛋】,44,4
1692,38,麥克雞塊,39,3
1693,38,港龍蘿蔔糕,44,4
1694,38,港龍蘿蔔糕【加蛋】,54,5
1695,38,煎餃,44,4
1696,38,煎餃【加蛋】,54,5
1697,38,煎餃蔥蛋,69,6
1698,38,奶油吐司,25,2
1699,38,奶油乳酪,30,2
1700,38,奶油厚片,34,3
1701,38,奶油貝果,44,4
1702,38,花生吐司,25,2
1703,38,花生乳酪,30,2
1704,38,花生厚片,34,3
1705,38,花生貝果,44,4
1706,38,椰香吐司,25,2
1707,38,椰香乳酪,30,2
1708,38,椰香厚片,34,3
1709,38,椰香貝果,44,4
1710,38,巧克力吐司,25,2
1711,38,巧克力乳酪,30,2
1712,38,巧克力厚片,34,3
1713,38,巧克力貝果,44,4
1714,38,香蒜吐司,25,2
1715,38,香蒜乳酪,30,2
1716,38,香蒜厚片,34,3
1717,38,香蒜貝果,44,4
1718,38,起士烤吐司,30,2
1719,38,煎蛋烤吐司,30,2
1720,38,煎蛋烤吐司【加起士】,39,3
1721,38,火腿烤吐司,34,3
1722,38,火腿烤吐司【加蛋】,44,4
1723,38,肉鬆烤吐司,34,3
1724,38,肉鬆烤吐司【加蛋】,44,4
1725,38,培根烤吐司,34,3
1726,38,培根烤吐司【加蛋】,44,4
1727,38,豬肉烤吐司,34,3
1728,38,豬肉烤吐司【加蛋】,44,4
1729,38,香雞烤吐司,34,3
1730,38,香雞烤吐司【加蛋】,44,4
1731,38,蔬菜烤吐司,34,3
1732,38,蔬菜烤吐司【加蛋】,44,4
1733,38,蔬菜烤吐司【加起士】,54,5
1734,38,鮪魚烤吐司,39,3
1735,38,鮪魚烤吐司【加蛋】,49,4
1736,38,燻雞烤吐司,44,4
1737,38,燻雞烤吐司【加蛋】,54,5
1738,38,豬排烤吐司,44,4
1739,38,豬排烤吐司【加蛋】,54,5
1740,38,咔拉雞腿烤吐司,64,6
1741,38,咔拉雞腿烤吐司【加蛋】,73,7
1742,38,香煎雞腿烤吐司,64,6
1743,38,香煎雞腿烤吐司【 加蛋】,73,7
1744,38,塔塔鱈魚烤吐司,64,6
1745,38,塔塔鱈魚烤吐司【加蛋】,73,7
1746,38,總匯烤吐司,73,7
1747,38,豬排總匯烤吐司,78,7
1748,38,起士乳酪餅,39,3
1749,38,起士乳酪餅【加蛋】,49,4
1750,38,肉鬆乳酪餅,44,4
1751,38,肉鬆乳酪餅【加蛋】,54,5
1752,38,火腿乳酪餅,44,4
1753,38,火腿乳酪餅【加蛋】,54,5
1754,39,排骨飯套餐,129,12
1755,39,雞排飯套餐,129,12
1756,39,雞腿飯套餐,139,13
1757,39,豬腳飯套餐,129,12
1758,39,爌肉飯套餐,125,12
1759,39,魚排飯套餐,125,12
1760,39,招牌麵【乾】,60,6
1761,39,排骨麵【乾】,139,13
1762,39,雞腿麵【乾】,145,14
1763,39,雞排麵【乾】,139,13
1764,39,豬腳麵【乾】,139,13
1765,39,魚排麵【乾】,129,12
1766,40,麥仔茶,24,2
1767,40,麥香紅茶,28,2
1768,40,麥香冬瓜,28,2
1769,40,麥茶豆漿,43,4
1770,40,麥茶牛奶,47,4
1771,40,古早味紅茶冰,28,2
1772,40,冬瓜紅茶,28,2
1773,40,椰果紅茶冰,37,3
1774,40,豆漿紅茶,43,4
1775,40,微檸檬紅茶,37,3
1776,40,重檸檬紅茶,47,4
1777,40,紅茶冰淇淋,47,4
1778,40,紅茶牛奶,47,4
1779,40,翠玉青茶,28,2
1780,40,冬瓜青茶,28,2
1781,40,青梅青茶,37,3
1782,40,金萱綠茶,28,2
1783,40,冬瓜綠茶,28,2
1784,40,梅子綠茶,37,3
1785,40,青梅綠茶,37,3
1786,40,鮮奶綠茶,47,4
1787,40,綠茶多多,47,4
1788,40,蜂蜜茶,33,3
1789,40,蜂蜜綠茶,43,4
1790,40,蜂蜜檸檬,47,4
1791,40,美式咖啡,51,5
1792,40,咖啡拿鐵,60,5
1793,40,番茄梅,43,4
1794,40,番茄多多,51,5
1795,40,奶茶,37,3
1796,40,奶綠,37,3
1797,40,椰果奶茶,47,4
1798,40,巧克力凍奶茶,43,4
1799,40,黑糖奶茶,43,4
1800,40,巧克力可可,47,4
1801,40,阿華田,47,4
1802,40,仙草干茶,28,2
1803,40,古早味冬瓜茶,28,2
1804,40,仙草干冬瓜,28,2
1805,40,冬瓜椰果,37,3
1806,40,微檸檬冬瓜茶,37,3
1807,40,重檸檬冬瓜茶,47,4
1808,40,仙草干鮮奶,47,4
1809,40,冬瓜鮮奶,47,4
1810,40,酸梅湯,37,3
1811,40,熱黑糖奶茶,43,4
1812,40,黑糖薑茶,43,4
1813,40,桂圓薑母,47,4
1814,40,桂圓紅棗,47,4
1815,40,熱巧克力可可,47,4
1816,40,熱阿華田,47,4
1817,40,桂圓奶茶,51,5
1818,40,薑汁熱鮮奶,55,5
1819,41,"焦糖奶香星享那堤 第二杯半價
",270,27
1820,41,鹹焦糖風味福吉茶那堤 第二杯半價,300,30
1821,41,特選馥郁那堤 第二杯半價,270,27
1822,41,美事來檸! 檸檬塔+大杯美式咖啡,175,17
1823,41,巧遇美事! 法式岩漿巧克力蛋糕+大杯美式咖啡,225,22
1824,41,生日快樂! 經典蛋糕+大杯那堤,250,25
1825,41,感謝有你! 指定糕點+那堤/星冰樂,175,17
1826,41,一起加油! 人氣可頌+那堤/美式咖啡,449,44
1827,41,活力輕享組合 熱銷三明治+那堤,205,20
1828,41,下午茶甜蜜組合 經典蛋糕+那堤,229,22
1829,41,焗烤法式里肌三明治,125,12
1830,41,美式花生生吐司,65,6
1831,41,巧克力丹麥捲,80,8
1832,41,綜合風味泳圈造型軟糖,320,32
1833,41,女神造型水果風味糖,120,12
1834,41,蜜桃優格風味威化捲心酥,120,12
1835,41,可可布朗尼風味威化捲,120,12
1836,41,星巴克洋芋片(烤甜蔬風味),85,8
1837,41,鹹焦糖風味福吉茶那堤,185,18
1838,41,焦糖奶香星享那堤,165,16
1839,41,美式咖啡,115,11
1840,41,那堤,140,14
1841,41,馥列白,155,15
1842,41,特選馥郁那堤,165,16
1843,41,焦糖瑪奇朵,160,16
1844,41,可可瑪奇朵,160,16
1845,41,摩卡,155,15
1846,41,香草風味那堤,155,15
1847,41,榛果風味那堤,155,15
1848,41,醇濃抹茶那堤,160,16
1849,41,玫瑰蜜香茶那堤,155,15
1850,41,經典紅茶那堤,155,15
1851,41,伯爵茶那堤,155,15
1852,41,福吉茶那堤,155,15
1853,41,經典巧克力,160,16
1854,41,阿里山蜜柚烏龍青茶,170,17
1855,41,蜜柚紅茶,150,15
1856,41,冰搖檸檬紅茶,130,13
1857,41,冰搖檸檬果茶,130,13
1858,41,巧克力可可碎片星冰樂,150,15
1859,41,摩卡可可碎片星冰樂,175,17
1860,41,焦糖可可碎片星冰樂,175,17
1861,41,醇濃抹茶星冰樂,175,17
1862,41,香草風味星冰樂,125,12
1863,41,咖啡星冰樂,135,13
1864,41,焦糖星冰樂,160,16
1865,41,雙果果汁星冰樂,145,14
1866,41,草莓巴西莓檸檬風味星沁爽™,110,11
1867,41,草莓巴西莓椰奶風味星沁爽™,120,12
1868,41,芒果火龍果檸檬星沁爽™,110,11
1869,41,芒果火龍果椰奶星沁爽™,120,12
1870,41,冷萃咖啡,145,14
1871,41,經典特調冷萃咖啡,170,17
1872,41,檸檬冷萃咖啡,160,16
1873,41,香檸蜜柚冷萃咖啡,160,16
1874,41,夏日冰柚冷萃咖啡,160,16
1875,41,咖啡密斯朵,100,10
1876,41,每日精選咖啡,100,10
1877,41,煙燻牛肉起司軟法堡,125,12
1878,41,起司里肌可頌,90,9
1879,41,起司牛肉可頌,100,10
1880,41,烤雞生吐司三明治,90,9
1881,41,松露烤雞生義大利麵,185,18
1882,41,海鹽奶油捲,50,5
1883,41,蜂蜜牛奶麵包,50,5
1884,41,雙起司軟歐麵包,60,6
1885,41,祼麥核果麵包,65,6
1886,41,葡萄乾司康,65,6
1887,41,肉桂捲,75,7
1888,41,櫻桃黑森林蛋糕,130,13
1889,41,法式岩漿巧克力蛋糕,120,12
1890,41,經典起司蛋糕,120,12
1891,41,經典法式千層薄餅,120,12
1892,41,經典咖啡松露生巧克力蛋糕,120,12
1893,41,檸檬塔,70,7
1894,41,比利時風格鬆餅,60,6
1895,41,比利時巧克力棉花糖餅乾,50,5
1896,41,可麗露,45,4
1897,41,精選咖啡蛋捲禮盒,580,58
1898,41,臻選綜合蛋捲禮盒,580,58
1899,41,星巴克咖啡捲心酥禮盒,420,42
1900,41,星巴克松露醬堅果,95,9
1901,41,覆盆莓風味棒棒糖,95,9
1902,41,椒麻奶油風味爆米花,45,4
1903,41,草莓卡士達風味爆米花,45,4
1904,41,焦糖愛起司雙味爆米花,45,4
1905,41,酸奶洋蔥爆米花,45,4
1906,41,瑪格麗特披薩風味星格脆,45,4
1907,41,松露海鹽星格脆,45,4
1908,41,咖啡隨行外帶盒組,500,50
1909,41,冰咖啡隨行外帶盒組,500,50
1910,41,熱那堤隨行外帶盒組,750,75
1911,41,熱巧克力隨行外帶盒組,850,85
1912,41,星巴克®單一產區哥倫比亞拿里諾,520,52
1913,41,瓜地馬拉安提瓜咖啡豆,390,39
1914,41,濃縮烘焙咖啡豆,350,35
1915,41,星巴克家常咖啡豆,320,32
1916,41,佛羅娜綜合咖啡豆,350,35
1917,41,哥倫比亞咖啡豆,390,39
1918,41,星巴克VIA®派克市場烘焙即溶咖啡,360,36
1919,41,星巴克VIA®哥倫比亞即溶咖啡,360,36
1920,41,星巴克VIA®義大利烘焙即溶咖啡,360,36
1921,41,星巴克掛耳式咖啡-佛羅娜綜合,240,24
1922,41,星巴克掛耳式咖啡-閑庭綜合,240,24
1923,41,星巴克掛耳式咖啡-派克市場烘焙,240,24
1924,41,茶瓦納洋甘菊花草茶,350,35
1925,41,茶瓦納英式紅茶,350,35
1926,41,茶瓦納伯爵紅茶,350,35
1927,41,茶瓦納阿里山烏龍茶,480,48
1928,42,荔枝粉角紅茶,60,6
1929,42,荔枝纖檸冰茶,60,6
1930,42,荔枝檸檬冰沙,60,6
1931,42,荔枝輕檸椰果,60,6
1932,42,粉角檸檬綠,60,6
1933,42,水蜜桃茶花綠,65,6
1934,42,蜜桃檸檬吸凍飲,70,7
1935,42,蜜桃養樂多綠,70,7
1936,42,玫瑰美妍冰茶,65,6
1937,42,玫瑰舒暢茶,70,7
1938,42,巨峰葡萄氣泡飲,65,6
1939,42,水蜜桃氣泡飲,75,7
1940,42,台灣首選綠茶,30,3
1941,42,油切茶花綠茶,35,3
1942,42,台灣香韻青茶,35,3
1943,42,日月潭紅茶,30,3
1944,42,碳焙鐵觀音【台灣】,30,3
1945,42,鐵觀音綠茶【台灣】,30,3
1946,42,鐵觀音青茶【台灣】,30,3
1947,42,粉珍粿奶茶,65,6
1948,42,百香Q果綠,60,6
1949,42,仙芋Q奶,60,6
1950,42,珍珠奶茶,55,5
1951,42,珍珠鐵奶,55,5
1952,42,嫩仙草奶茶,55,5
1953,42,巨峰葡萄吸凍飲,70,7
1954,42,魔法紫芋波波,70,7
1955,42,草莓Q凍奶,60,6
1956,42,粉珍粿蕎麥奶茶,70,7
1957,42,蜂蜜檸檬粉粿,60,6
1958,42,蜂蜜翡翠檸檬,60,6
1959,42,蜂蜜檸檬汁,60,6
1960,42,珍珠鮮奶茶,65,6
1961,42,焙炒蕎麥鮮奶茶,70,7
1962,42,日月潭鮮奶茶,60,6
1963,42,鐵觀音鮮奶茶,60,6
1964,42,芋頭純鮮奶,80,8
1965,42,珍珠鮮鐵奶,65,6
1966,42,葡萄柚果粒綠,65,6
1967,42,土鳳梨青茶,60,6
1968,42,台灣柳橙綠茶,65,6
1969,42,百香綠茶,55,5
1970,42,埔里紅甘蔗青茶,60,6
1971,42,富士蘋果熟成紅,55,5
1972,42,日月潭奶茶,50,5
1973,42,香韻奶青,50,5
1974,42,首選奶綠,50,5
1975,42,鐵觀音奶茶,50,5
1976,42,草莓醇奶茶,60,6
1977,42,黃金蕎麥奶茶,55,5
1978,42,仙草甘茶,30,3
1979,42,養樂多綠茶,55,5
1980,42,手熬冬瓜青茶,30,3
1981,42,手熬冬瓜檸檬,45,4
1982,42,焙炒蕎麥冬瓜,45,4
1983,42,手熬冬瓜茶,30,3
1984,42,黃金焙炒蕎麥,40,4
1985,43,鉑金美式咖啡,108,10
1986,43,鉑金招牌咖啡,120,12
1987,43,鉑金拿鐵咖啡,132,13
1988,43,椪柑冰美式,102,10
1989,43,蜜桃冰美式,90,9
1990,43,美式咖啡,90,9
1991,43,拿鐵咖啡,120,12
1992,43,就是海岩咖啡,102,10
1993,43,招牌咖啡,102,10
1994,43,特濃招牌咖啡,108,10
1995,43,荔枝冰美式,90,9
1996,43,荔枝冰美式2.0,90,9
1997,43,卡布奇諾,120,12
1998,43,摩卡咖啡,120,12
1999,43,焦糖瑪奇朵,126,12
2000,43,榛果風味拿鐵,108,10
2001,43,香草風味拿鐵,108,10
2002,43,重拿鐵咖啡,108,10
2003,43,就是海岩紅茶,72,7
2004,43,就是海岩綠茶,72,7
2005,43,就是海岩青茶,72,7
2006,43,就是海岩烏龍,72,7
2007,43,金黃玉米鬚拿鐵,66,6
2008,43,紅茶拿鐵,78,7
2009,43,烏龍拿鐵,78,7
2010,43,特皮Q鮮奶茶,72,7
2011,43,巧克力牛奶,78,7
2012,43,黑糖珍珠鮮奶,78,7
2013,43,蕎麥冬瓜(大),54,5
2014,43,蜜桃烏龍,72,7
2015,43,蜜桃多多,78,7
2016,43,百香雙Q(大),78,7
2017,43,蘋香淺焙青,66,6
2018,43,檸檬烏龍【冰】,66,6
2019,43,初露多多綠【冰】,66,6
2020,43,冬檸小紫蘇,66,6
2021,43,荔枝烏龍,66,6
2022,43,金黃玉米鬚茶,48,4
2023,43,慢熟紅茶,42,4
2024,43,初露綠茶,42,4
2025,43,淺焙青茶,42,4
2026,43,厚焙烏龍,42,4
2027,43,黃金蕎麥茶,42,4
2028,43,金黃玉米鬚奶茶,54,5
2029,43,蕎麥奶茶(中),54,5
2030,43,蕎麥奶茶(大),60,6
2031,43,慢熟奶茶,60,6
2032,43,初露奶綠,60,6
2033,43,厚焙奶烏,60,6
2034,43,特皮Q奶茶,60,6
2035,43,黑糖珍珠厚奶茶,66,6
2036,43,椪柑翡翠,72,7
2037,43,蜜桃青檸冰沙,90,9
2038,43,厚椪柑冰美式,102,10
2039,43,蜜桃厚冰美式,86,8
2040,43,厚美式咖啡,90,9
2041,43,厚拿鐵咖啡,120,12
2042,43,厚就是海岩咖啡,102,10
2043,43,厚招牌咖啡,102,10
2044,43,厚特濃招牌咖啡,108,10
2045,43,厚重拿鐵咖啡,126,12
2046,43,厚卡布奇諾,120,12
2047,43,厚摩卡咖啡,120,12
2048,43,厚焦糖瑪奇朵,126,12
2049,43,厚榛果風味拿鐵,126,12
2050,43,厚香草風味拿鐵,126,12
2051,43,厚荔枝冰美式,90,9
2052,44,大葉紅茶,51,5
2053,44,茉莉花綠茶,51,5
2054,44,復刻紅茶,51,5
2055,44,金湯鐵觀音,51,5
2056,44,台灣高山青茶,55,5
2057,44,鐵觀音鮮奶茶,81,8
2058,44,可可鮮奶茶,89,8
2059,44,小葉茶凍鮮奶,89,8
2060,44,甘蔗鮮奶茶,89,8
2061,44,紅茶鮮奶茶,77,7
2062,44,奶茶 瓶,68,6
2063,44,奶茶L,43,4
2064,44,鐵觀音奶茶,68,6
2065,44,綠奶茶,68,6
2066,44,青奶茶,68,6
2067,44,翡翠凍奶綠,72,7
2068,44,珍珠奶茶,47,4
2069,44,小葉茶凍奶茶,72,7
2070,44,阿華田,77,7
2071,44,復刻奶茶,68,6
2072,44,多多綠茶,72,7
2073,44,冰淇淋紅茶,47,4
2074,44,綠豆鮮奶沙,89,8
2075,44,金桔檸檬,72,7
2076,44,熱金桔檸檬,72,7
2077,44,鮮檸檬紅茶,77,7
2078,44,鮮檸檬綠茶,77,7
2079,44,鮮檸檬青茶,77,7
2080,44,鮮甘蔗青茶,85,8
2081,44,鮮百香果綠茶,72,7
2082,44,鮮榨甘蔗檸檬,55,5
2083,44,纖葡萄柚綠茶,85,8
2084,44,纖柳橙綠茶,81,8
2085,44,番茄蜜凍飲,81,8
2086,44,水果茶凍飲,60,5
2087,44,纖芒果冰沙,94,9
2088,44,奇異果晶砂,102,10
2089,44,桂圓紅棗,51,5
2090,44,薑母奶茶,51,5
2091,44,薑母紅茶,43,4
2092,44,薑母甘蔗,51,5
2093,44,金鑽蜜鳳梨熱飲,51,5
2094,44,拿鐵冰沙,60,5
2095,44,巧克力碎片冰沙,60,5
2096,44,薄荷巧克力冰沙,68,6
2097,44,黑咖啡,55,5
2098,44,拿鐵,94,9
2099,44,經典摩卡,102,10
2100,44,經典冰咖啡,64,6
2101,44,香草奶昔,55,5
2102,44,巧克力奶昔,64,6
2103,45,埔里百香果綠X2,99,9
2104,45,百年仙草干茶X2,89,8
2105,45,大苑子水果茶,95,9
2106,45,台灣春烏龍,55,5
2107,45,番茄梅,85,8
2108,45,芭樂梅,85,8
2109,45,芭樂檸檬,85,8
2110,45,許慶良觀音拿鐵,75,7
2111,45,許慶良鮮奶茶,75,7
2112,45,"愛文芒果冰沙
",160,16
2113,45,"愛文翡翠
",95,9
2114,45,鳳梨冰茶,95,9
2115,45,鳳梨艾波,95,9
2116,45,芭梨戀人,95,9
2117,45,巨峰葡萄芭樂,100,10
2118,45,巨峰葡萄雪沙,110,11
2119,45,巨峰葡萄冰茶,90,9
2120,45,芭樂甘草,90,9
2121,45,古城錫蘭紅茶,40,4
2122,45,文山青茶,40,4
2123,45,纖活綠茶,40,4
2124,45,纖活奶綠,65,6
2125,45,奶茶,65,6
2126,45,珍珠奶茶,65,6
2127,45,許慶良鮮奶冬瓜,75,7
2128,45,許慶良鮮乳-瓶936cc,139,13
2129,45,許慶良鮮奶綠,75,7
2130,45,中-羽衣甘藍5蔬果汁,95,9
2131,45,中-天天5蔬果汁,85,8
2132,45,翡翠檸檬,70,7
2133,45,埔里百香果綠,99,9
2134,45,百香愛玉,80,8
2135,45,台灣檸檬汁,70,7
2136,45,檸檬愛玉,80,8
2137,45,蜂蜜檸檬,85,8
2138,45,鮮搾葡萄柚綠,85,8
2139,45,柚美粒,85,8
2140,45,台灣檸檬春烏龍,75,7
2141,45,春熙柳丁翡翠,95,9
2142,45,芭樂甜橙,100,10
2143,45,鮮搾蘋果蜜朵朵,95,9
2144,45,蘋果多輕飲,75,7
2145,45,冬瓜檸檬,70,7
2146,45,養樂多綠茶,65,6
2147,45,百年仙草干茶,89,8
2148,45,蘋果醋冰茶,75,7
2149,45,錫蘭紅茶蜜朵朵,70,7
2150,45,冰釀蜜朵朵,95,9
2151,45,冬瓜檸檬奇亞籽,70,7
2152,45,蜂蜜檸檬奇亞籽,85,8
2153,45,甘草芭樂,65,6
2154,45,檸檬芭樂 ,65,6
2155,45,百香芭樂 ,65,6
2156,45,芭樂鮮果-原味,65,6
2157,45,RedBull 能量小葡丁,129,12
2158,45,RedBull 能量小巨峰,129,12
2159,45,Redbull 能量小柳丁,129,12
2160,45,RedBull能量大巨峰,129,12
2161,45,RedBull能量小白桃,129,12
2162,45,阿里山高山茶,150,15
2163,45,芭樂檸檬吸凍飲,49,4
2164,45,愛文翡翠吸凍飲,49,4
2165,45,柳丁翡翠吸凍飲,49,4
2166,45,大苑子獨享瓶,99,9
2167,47,僅供熟食，餐點恕不接受客製化服務，請勿於特別指示欄位中備註客製化調整，飲品無法調整甜度，不與店內其他優惠併用。,0,0
2168,47,採用特選牧場AA級履歷蛋、極淨洗選、全程冷藏配送，保證吃得安心(此為餐點說明，勿下訂),0,0
2169,47,採用精品豬肉品牌「究好豬」，溯源肉品、冷鏈運送、品質穩定安心(此為餐點說明，勿下訂),0,0
2170,47,採用鮮乳坊單一乳源鮮乳，成分無添加調整，每一口都喝得放心(此為餐點說明，勿下訂),0,0
2171,47,本店使用的豬肉排、豬肉片、豬柳、里肌、肉鬆及豬油的豬肉原產地皆為台灣，其他豬肉製品請見餐點說明,0,0
2172,47,重組肉：漢堡肉、紐奧良辣雞、雞塊、火腿、培根、熱狗、德式香腸、牛肉堡排、魚排(此為餐點說明，勿下訂),0,0
2173,47,火腿、培根、熱狗原產地：台灣、加拿大,0,0
2174,47,招牌豬肉堡,65,6
2175,47,鮮嫩豬柳堡,70,7
2176,47,紐奧良辣雞堡,70,7
2177,47,里肌豬排堡,85,8
2178,47,卡啦辣雞腿堡,90,9
2179,47,招牌豬肉蛋堡,60,6
2180,47,紐奧良辣雞肉蛋堡,65,6
2181,47,日式燒肉蛋堡,85,8
2182,47,早美雞腿排堡,90,9
2183,47,花生牛肉堡,85,8
2184,47,經典牛肉堡,85,8
2185,47,墨西哥辣牛肉堡,85,8
2186,47,朝食厚吐司,55,5
2187,47,牧場蛋沙拉朝食吐司,90,9
2188,47,鮪魚沙拉吐司,60,6
2189,47,招牌豬肉吐司,60,6
2190,47,培根吐司,60,6
2191,47,鮮嫩豬柳吐司,65,6
2192,47,招牌豬肉蛋吐司,55,5
2193,47,辣雞肉蛋吐司,60,6
2194,47,日式燒肉蛋吐司,79,7
2195,47,里肌豬排吐司,79,7
2196,47,果醬吐司,29,2
2197,47,招牌總匯,100,10
2198,47,辣雞總匯,110,11
2199,47,里肌總匯,120,12
2200,47,玉米蛋餅,49,4
2201,47,原味蛋餅,39,3
2202,47,火腿蛋餅,49,4
2203,47,雙蛋蛋餅,59,5
2204,47,起司蛋餅,59,5
2205,47,培根蛋餅,59,5
2206,47,鮪魚沙拉蛋餅,65,6
2207,47,薯泥起司蛋餅,65,6
2208,47,薯餅薯餅蛋餅,95,9
2209,47,高讚塔豬柳蛋餅,69,6
2210,47,里肌豬排蛋餅,79,7
2211,47,金黃總匯蘿蔔糕,99,9
2212,47,混蛋蘿蔔糕,75,7
2213,47,港式蘿蔔糕,55,5
2214,47,培根丹麥,95,9
2215,47,薯泥丹麥,90,9
2216,47,鮪魚沙拉丹麥,95,9
2217,47,藍莓乳酪佛卡夏,55,5
2218,47,蛋沙拉佛卡夏,65,6
2219,47,鮪魚沙拉佛卡夏,69,6
2220,47,里肌豬排佛卡夏,85,8
2221,47,蘋果核桃燒餅,79,7
2222,47,培根蛋燒餅,89,8
2223,47,薯泥可頌,85,8
2224,47,蘋果核桃可頌,85,8
2225,47,鮪魚沙拉可頌,90,9
2226,47,高讚塔豬柳可頌,95,9
2227,47,藍莓乳酪軟法,55,5
2228,47,蘋果核桃軟法,70,7
2229,47,高讚塔豬柳軟法,80,8
2230,47,美式咖啡,45,4
2231,47,牧場拿鐵,75,7
2232,47,燕麥奶拿鐵,85,8
2233,47,(小)牧場鮮奶茶,40,4
2234,47,(大)牧場鮮奶茶,50,5
2235,47,(小)牧場鮮奶青,45,4
2236,47,(大)牧場鮮奶青,55,5
2237,47,(小)台灣冬片青茶,30,3
2238,47,(大)台灣冬片青茶,35,3
2239,47,(小)早美紅茶,25,2
2240,47,(大)早美紅茶,30,3
2241,47,(小)早美皇奶,35,3
2242,47,(大)早美皇奶,45,4
2243,47,(小)可可亞,35,3
2244,47,(大)可可亞,45,4
2245,47,(小)非基改豆漿,30,3
2246,47,(大)非基改豆漿,35,3
2247,47,(小)早美燕麥奶茶,50,5
2248,47,(大)早美燕麥奶茶-甜度固定,60,6
2249,47,(小)燕麥奶青茶,50,5
2250,47,(大)燕麥奶青茶,60,6
2251,47,荷包蛋,25,2
2252,47,熱狗,35,3
2253,47,麥克雞塊,49,4
2254,47,黃金脆薯,60,6
2255,47,香蒜法國麵包,35,3
2256,47,紫心QQ球,35,3
2257,47,薯餅,35,3
2258,47,手工泰式月亮蝦餅,55,5
2259,47,雙人炸物拼盤,119,11
2260,47,鐵板麵,69,6
2261,47,三杯醬鐵板麵升級套餐,109,10
2262,47,蘑菇醬鐵板麵升級套餐,109,10
2386,48,奶酥軟法,80,8
2263,47,道地南味醋咪炒意麵,75,7
2264,47,秘製家香醬燒炒意麵,75,7
2265,47,道地南味醋咪炒意麵土豪升級版,119,11
2266,47,秘製家香醬燒炒意麵土豪升級版,119,11
2267,47,美味。鍋燒,129,12
2268,47,懷舊沙茶鍋燒,139,13
2269,47,川香椒麻鍋燒,149,14
2270,47,B 南洋晨之味餐,159,15
2271,47,A 超值小資餐,129,12
2272,47,C 早安雙醬朝食厚吐司餐,169,16
2273,47,D 香煎里肌豬排餐,199,19
2274,47,E 紐奧良辣雞鬆餅堡餐,200,20
2275,47,F 早安庫克經典餐,219,21
2276,47,G 歡樂兒童餐,115,11
2277,48,布丁奶茶,75,7
2278,48,布丁英式奶茶,75,7
2279,48,布丁鴛鴦奶茶,80,8
2280,48,布丁鮮奶茶,100,10
2281,48,黃金薯起司套餐-脆雞,170,17
2282,48,黃金薯起司套餐-美牛,170,17
2283,48,黃金薯起司套餐-豬堡,125,12
2284,48,黃金薯起司套餐-夏雞,130,13
2285,48,黃金薯起司脆雞堡,160,16
2286,48,黃金薯起司美牛堡,160,16
2287,48,黃金薯起司豬堡,115,11
2288,48,黃金薯起司夏雞堡,120,12
2289,48,A：薯餅套餐,75,7
2290,48,B：薯條套餐,75,7
2291,48,C：雞塊套餐,80,8
2292,48,D：生菜沙拉套餐,75,7
2293,48,脆酷力薯餅蛋吐司,90,9
2294,48,脆酷力脆皮雞腿堡,130,13
2295,48,濃心棉花糖脆酷力厚片,90,9
2296,48,脆酷力厚片,60,6
2297,48,濃心棉花糖脆酷力鬆餅,120,12
2298,48,韓式泡菜燒肉蔥抓餅,125,12
2299,48,韓式泡菜燒肉蘿蔔糕,125,12
2300,48,奶油吐司,30,3
2301,48,草莓吐司,30,3
2302,48,花生吐司,30,3
2303,48,巧克力吐司,30,3
2304,48,奶酥吐司,40,4
2305,48,芝麻吐司,40,4
2306,48,抹茶奶酥吐司,45,4
2307,48,火腿吐司,50,5
2308,48,肉鬆吐司,50,5
2309,48,煎蛋吐司,50,5
2310,48,培根吐司,60,6
2311,48,蔬菜吐司,50,5
2312,48,薯餅吐司,65,6
2313,48,鮪魚玉米吐司,65,6
2314,48,里肌燒肉吐司,80,8
2315,48,青花椒豬吐司,80,8
2316,48,哈姆燻雞吐司,85,8
2317,48,板烤雞肉吐司,80,8
2318,48,奶油丹麥,50,5
2319,48,草莓丹麥,50,5
2320,48,花生丹麥,50,5
2321,48,巧克力丹麥,50,5
2322,48,奶酥丹麥,70,7
2323,48,芝麻丹麥,70,7
2324,48,抹茶奶酥丹麥,75,7
2325,48,火腿丹麥,75,7
2326,48,肉鬆丹麥,80,8
2327,48,煎蛋丹麥,75,7
2328,48,培根丹麥,85,8
2329,48,蔬菜丹麥,80,8
2330,48,薯餅丹麥,90,9
2331,48,鮪魚玉米丹麥,90,9
2332,48,里肌燒肉丹麥,100,10
2333,48,青花椒豬丹麥,100,10
2334,48,哈姆燻雞丹麥,115,11
2335,48,板烤雞肉丹麥,100,10
2336,48,法式芝麻吐司,70,7
2337,48,法式肉鬆吐司,75,7
2338,48,法式鮪魚吐司,80,8
2339,48,青花椒豬堡,90,9
2340,48,豬肉堡,60,6
2341,48,夏威夷麥香雞堡,65,6
2342,48,里肌燒肉堡,85,8
2343,48,嫩煎雞柳堡,85,8
2344,48,和風雞腿堡,90,9
2345,48,黃金豬排堡,100,10
2346,48,卡滋蝦堡,95,9
2347,48,鮮酥魚柳堡,95,9
2348,48,美式牛肉堡,105,10
2349,48,脆皮雞腿堡(微辣),105,10
2350,48,花生厚片,45,4
2351,48,巧克力厚片,45,4
2352,48,法式香蒜厚片,50,5
2353,48,特調奶酥厚片,50,5
2354,48,抹茶奶酥厚片,65,6
2355,48,焗烤燻雞厚片,95,9
2356,48,焗烤鮪魚厚片,95,9
2357,48,原味蛋餅,45,4
2358,48,玉米蛋餅,60,6
2359,48,蔬菜蛋餅,65,6
2360,48,火腿蛋餅,65,6
2361,48,肉鬆蛋餅,65,6
2362,48,培根蛋餅,70,7
2363,48,鮪魚玉米蛋餅,80,8
2364,48,雙蛋古早味蛋餅,85,8
2365,48,青花椒豬蛋餅,95,9
2366,48,薯餅蛋餅,85,8
2367,48,里肌燒肉蛋餅,95,9
2368,48,美式香腸蛋餅,90,9
2369,48,韓式雞柳蛋餅,95,9
2370,48,和風雞腿蛋餅,95,9
2371,48,美式燻雞蛋餅,95,9
2372,48,芝心披薩蛋餅,95,9
2373,48,咔滋炸蛋餅,95,9
2374,48,起司蛋口袋餅,80,8
2375,48,青花椒豬口袋餅,95,9
2376,48,里肌燒肉口袋餅,95,9
2377,48,哈姆燻雞口袋餅,115,11
2378,48,卡滋蝦口袋餅,110,11
2379,48,和風烤雞腿口袋餅,95,9
2380,48,嫩煎雞柳口袋餅,95,9
2381,48,原味總匯,130,13
2382,48,鮪魚總匯,130,13
2383,48,燒肉總匯,140,14
2384,48,美式牛肉總匯,150,15
2385,48,脆皮雞腿總匯,150,15
2387,48,香蒜軟法,80,8
2388,48,起司蛋軟法,95,9
2389,48,嫩煎雞柳軟法,105,10
2390,48,和風烤雞腿軟法,105,10
2391,48,哈姆燻雞軟法,140,14
2392,48,美式香腸軟法,105,10
2393,48,起司蛋米香堡,95,9
2394,48,嫩煎雞柳米香堡,100,10
2395,48,和風烤雞腿米香堡,100,10
2396,48,卡滋蝦米香堡,115,11
2397,48,里肌燒肉米香堡,100,10
2398,48,青花椒豬米香堡,100,10
2399,48,蜂蜜鬆餅,75,7
2400,48,巧克力鬆餅,80,8
2401,48,芝麻鬆餅,85,8
2402,48,抹茶奶酥鬆餅,90,9
2403,48,起司蛋鬆餅,95,9
2404,48,夏威夷薯餅鬆餅,110,11
2405,48,茄汁肉醬麵,125,12
2406,48,奶油培根麵,125,12
2407,48,台式炒泡麵,130,13
2408,48,麻辣炒泡麵,135,13
2409,48,日式炒烏龍麵,135,13
2410,48,麻辣燙細麵,120,12
2411,48,經典鍋燒泡麵,130,13
2412,48,鍋燒意麵,115,11
2413,48,鍋燒雞絲,115,11
2414,48,鍋燒烏龍麵,135,13
2415,48,黃金濃湯,65,6
2416,48,蛋包飯磚,85,8
2417,48,黃金豬排飯磚,180,18
2418,48,嫩煎雞柳飯磚,180,18
2419,48,晨間香腸拼盤,135,13
2420,48,鄉村雞柳拼盤,140,14
2421,48,兒童綜合拼盤,115,11
2422,48,酥炸雞飛狗跳,140,14
2423,48,蘿蔔糕,55,5
2424,48,蔥抓餅,60,6
2425,48,荷包蛋,20,2
2426,48,大火腿片,25,2
2427,48,晨間薯餅,45,4
2428,48,小熱狗,45,4
2429,48,燒肉片,45,4
2430,48,薯條,50,5
2431,48,美式香腸,50,5
2432,48,麥克雞塊,55,5
2433,48,鮮酥魚柳,75,7
2434,48,雞米花,75,7
2435,48,黃金豬排,80,8
2436,48,脆皮雞腿,85,8
2437,48,生菜沙拉,50,5
2438,48,無糖桂花青,35,3
2439,48,古早紅茶,40,4
2440,48,古早奶茶,50,5
2441,48,英式奶茶,50,5
2442,48,鴛鴦奶茶,55,5
2443,48,鮮奶茶,75,7
2444,48,特調咖啡,55,5
2445,48,鮮奶咖啡,80,8
2446,48,研磨黑咖啡,55,5
2447,48,拿鐵研磨,65,6
2448,48,有糖豆漿,45,4
2449,48,無糖豆漿,45,4
2450,48,森林莓果茶,70,7
2451,48,水果茶,70,7
2452,48,初鹿調味乳,45,4
2453,50,特色小菜,150,15
2454,50,紹興醉雞,250,25
2455,50,紹興醉蹄,180,18
2456,50,刺蔥豆腐,50,5
2457,50,皮蛋豆腐,55,5
2458,50,豬耳朵,50,5
2459,50,百香黃瓜,25,2
2460,50,香橙蘿蔔,25,2
2461,50,古味蘿蔔乾,25,2
2462,50,油豆腐,25,2
2463,50,紹興Q蛋,25,2
2464,50,皮蛋,20,2
2465,50,魯蛋,15,1
2466,50,紹興香腸（切）,35,3
2467,50,紹興香腸（不切）,35,3
2468,50,鹹水鴨胗,35,3
2469,50,涼拌木耳,30,3
2470,50,米粉湯,70,7
2471,50,炒米粉,70,7
2472,50,乾米粉,70,7
2473,50,肉羹米粉,85,8
2474,50,芋頭米粉湯,90,9
2475,50,湯麵,70,7
2476,50,乾麵,70,7
2477,50,肉羹麵,85,8
2478,50,白飯,35,3
2479,50,紹興肉燥飯,70,7
2480,50,肉羹飯,85,8
2481,50,油豆腐湯,25,2
2482,50,油豆腐丸子湯,35,3
2483,50,丸子湯,30,3
2484,50,豬血湯,20,2
2485,50,芋頭湯,35,3
2486,50,芋頭丸子湯,50,5
2487,50,肉羹湯,40,4
2488,50,綜合湯,60,6
2489,50,燙青菜,40,4
2490,50,燙韭菜,40,4
2491,50,燙韭菜豆芽,35,3
2492,50,燙豆芽菜,25,2
2493,50,【素】米粉湯,65,6
2494,50,【素】鍋炒米粉,65,6
2495,50,【素】燙乾米粉,65,6
2496,50,【素】芋頭米粉湯,90,9
2497,50,【素】湯麵,65,6
2498,50,【素】乾麵,65,6
2499,50,【素】白飯,30,3
2500,50,【素】肉燥飯,65,6
2501,50,素油豆腐湯,25,2
2502,50,素油豆腐丸子湯,40,4
2503,50,素丸子湯,30,3
2504,50,素芋頭湯,35,3
2505,50,素芋頭丸子湯,50,5
2506,50,素綜合湯,60,6
2507,50,素燙青菜,40,4
2508,50,素燙豆芽菜,25,2
2509,50,素刺蔥豆腐,50,5
2510,50,素皮蛋豆腐,55,5
2511,50,素百香黃瓜,25,2
2512,50,素香橙蘿蔔,25,2
2513,50,素古味蘿蔔乾,25,2
2514,50,素油豆腐,25,2
2515,50,素皮蛋,20,2
2516,50,素魯蛋,15,1
2517,50,素涼拌木耳,30,3
2518,51,歐浮中華拼盤飽飽套餐,199,19
2519,51,台灣人最愛鐵板麵全餐,249,24
2520,51,年輕人炒泡麵套餐,225,22
2521,51,5oz匈牙利雞腿排部隊,329,32
2522,51,德式香腸雙拼團,310,31
2523,51,法式阿拉斯加鱈魚特攻隊,329,32
2524,51,胡麻炸豬排總帥,269,26
2525,51,日式匠心厚切培根起司三明治拼盤,289,28
2526,51,北歐厚培根歐姆蛋丹麥拼盤,329,32
2527,51,歐姆厚培根金銅拼盤,339,33
2528,51,奶油培根義大利麵,199,19
2529,51,奶油雞腿義大利麵,239,23
2530,51,奶油炸豬排義大利麵,229,22
2531,51,青醬培根義大利麵,199,19
2532,51,青醬雞腿義大利麵,239,23
2533,51,青醬炸豬排義大利麵,229,22
2534,51,歐浮招牌打拋豬飯,179,17
2535,51,NEW歐姆蛋可可咖哩,195,19
2536,51,NEW胡麻炸豬排可可咖哩,269,26
2537,51,歐浮卡拉雞可可咖哩,259,25
2538,51,阿拉斯加鱈魚排可可咖哩,269,26
2539,51,香草舒肥雞可可咖哩,269,26
2540,51,NEW日式醬燒炒泡麵,149,14
2541,51,青花椒麻辣炒泡麵,159,15
2542,51,黑胡椒鐵板麵,79,7
2543,51,蘑菇鐵板麵,79,7
2544,51,義大利肉醬鐵板麵,89,8
2545,51,NEW宮保雞丁鐵板麵,99,9
2546,51,薯餅蛋漢堡,104,10
2547,51,特調鮪魚起司蛋漢堡,109,10
2548,51,大甲芋泥肉鬆蛋漢堡,119,11
2549,51,歐浮里肌豬排蛋堡,119,11
2550,51,歐浮雞胸肉蛋漢堡,119,11
2551,51,歐浮咔啦雞蛋堡,134,13
2552,51,泰式咔啦雞蛋堡,134,13
2553,51,香酥魚排蛋堡,134,13
2554,51,5oz匈牙利雞腿蛋堡,149,14
2555,51,NEW香草舒肥雞蛋堡,159,15
2556,51,惡魔雞腿排蛋堡,134,13
2557,51,薯餅培根起司牛蛋堡,199,19
2558,51,花生培根起司牛肉蛋堡,199,19
2559,51,歐浮真豬肉鬆蛋餅,67,6
2560,51,玉米蛋餅,67,6
2561,51,高鈣起司蛋餅,67,6
2562,51,培根蛋餅,79,7
2563,51,黃金薯餅蛋餅,82,8
2564,51,歐浮特調鮪魚蛋餅,82,8
2565,51,歐浮雞肉,97,9
2566,51,歐浮里肌豬排蛋餅,97,9
2567,51,九層塔豬排蛋餅,97,9
2568,51,歐浮咔啦雞蛋餅,109,10
2569,51,泰式咔啦雞蛋餅,109,10
2570,51,阿拉斯加鱈魚排蛋餅,119,11
2571,51,5OZ匈牙利雞腿蛋餅,129,12
2572,51,惡魔雞腿排蛋餅,109,10
2573,51,火腿蛋吐司,75,7
2574,51,歐浮真豬肉鬆蛋吐司,75,7
2575,51,薯餅蛋吐司,90,9
2576,51,特調鮪魚蛋吐司,90,9
2577,51,歐浮雞胸肉蛋吐司,109,10
2578,51,歐浮豬排蛋吐司,109,10
2579,51,大甲芋泥肉鬆蛋吐司,112,11
2580,51,歐浮咔啦雞蛋吐司,126,12
2581,51,泰式咔啦雞蛋吐司,126,12
2582,51,香酥魚排蛋吐司,119,11
2583,51,泰式魚排蛋吐司,119,11
2584,51,惡魔雞腿排蛋吐司,126,12
2585,51,私房泡菜豬排蛋吐司,119,11
2586,51,私房泡菜鱈魚蛋吐司,119,11
2587,51,歐浮總匯三明治吐司,126,12
2588,51,靜岡抹茶厚奶酥厚片,89,8
2589,51,布朗尼可可厚奶酥厚片,89,8
2590,51,布朗尼可可奶酥銅鑼燒,129,12
2591,51,靜岡抹茶奶酥銅鑼燒,129,12
2592,51,歐浮雞肉溫沙拉,159,15
2593,51,香草舒肥雞溫沙拉,199,19
2594,51,法式楓糖厚片,75,7
2595,51,法式煉乳厚片,75,7
2596,51,法式楓糖小可頌,75,7
2597,51,美式咖啡【冰量固定 | 可調甜度】,75,7
2598,51,美式咖啡【熱 | 可調甜度】,75,7
2599,51,歐浮拿鐵【冰量固定 | 可調甜度 | 人氣推薦】,90,9
2600,51,歐浮拿鐵【熱 | 可調甜度 | 人氣推薦】,90,9
2601,51,榛果拿鐵【冰量固定 | 可調甜度】,105,10
2602,51,榛果拿鐵【熱 | 可調甜度】,105,10
2603,51,歐浮塔香豬排烙吐司,133,13
2604,51,麻糬烙吐司,99,9
2605,51,大甲芋泥起司烙吐司,111,11
2606,51,歐浮錫蘭紅茶【大杯 | 冰 | 甜度冰量固定】,40,4
2607,51,歐浮錫蘭紅茶【大杯 | 熱 | 甜度固定】,40,4
2608,51,歐浮重奶茶【大杯 | 冰 | 甜度冰量固定】,50,5
2609,51,歐浮重奶茶【大杯 | 熱 | 甜度固定】,50,5
2610,51,歐浮鮮奶茶【小杯 | 冰 | 甜度冰量固定】,60,6
2611,51,歐浮鮮奶茶【小杯 | 熱 | 甜度固定】,60,6
2612,51,歐浮鮮奶茶【大杯 | 冰 | 甜度冰量固定】,70,7
2613,51,歐浮鮮奶茶【大杯 | 熱 | 甜度固定】,70,7
2614,51,黑芝麻燕麥【冰 | 甜度冰量固定】,40,4
2615,51,黑芝麻燕麥【熱 | 甜度固定】,40,4
2616,51,柳橙汁【大杯 | 限冰飲 | 甜度冰量固定】,69,6
2617,51,巧克可可【冰 | 甜度冰量固定】,63,6
2618,51,巧克可可【熱 | 甜度固定】,63,6
2619,51,NEW燕麥奶紅茶拿鐵【大杯 | 冰 | 甜度冰量固定】,70,7
2620,51,NEW燕麥奶紅茶拿鐵【大杯 | 熱 | 甜度固定】,70,7
2621,51,幸福蜜桃醋飲【限冰飲 | 甜度冰量固定】,60,6
2622,51,戀愛蘋果醋飲【限冰飲 | 甜度冰量固定】,60,6
2623,51,英式伯爵紅茶【冰量固定 | 可調甜度】,55,5
2624,51,英式伯爵紅茶【熱 | 可調甜度】,55,5
2625,51,英式伯爵奶茶【冰量固定 | 可調甜度】,70,7
2626,51,英式伯爵奶茶【熱 | 可調甜度】,70,7
2627,51,草莓厚片,59,5
2628,51,巧克力厚片,59,5
2629,51,香蒜厚片,59,5
2630,51,藍莓厚片,59,5
2631,51,花生厚片,59,5
2632,51,雙面草莓薄片,49,4
2633,51,雙面巧克力薄片,49,4
2634,51,雙面香蒜薄片,49,4
2635,51,雙面藍莓薄片,49,4
2636,51,顆粒花生薄片,49,4
2637,51,歐姆蛋,40,4
2638,51,小熱狗,49,4
2639,51,職人手工油蔥酥蘿蔔糕,60,6
2640,51,手工酥脆蔥抓餅,60,6
2641,51,美國帶皮楔形薯塊,75,7
2642,51,咕咕雞塊,69,6
2643,51,香檸雞柳條,69,6
2644,51,美國帶皮脆薯,90,9
2645,51,職人手工油蔥酥蘿蔔糕起司蛋,99,9
2646,51,NEW爆漿起司球,69,6
2647,51,紫玉黃蕃地瓜球,69,6
2648,51,早安咔啦雞(單點肉),62,6
2649,51,泰式咔啦雞(單點肉),62,6
2650,51,惡魔雞腿排(單點肉),62,6
2651,51,歐浮炸雞翅,95,9
2652,51,金燦南瓜酥,89,8
2653,52,紓壓B餐｜蘋果派+大杯紅茶+貘生氣紓壓吐司,184,18
2654,52,紓壓C餐｜KITKAT巧克力可頌+貘生氣紓壓吐司,154,15
2655,52,勇鬥40週年｜勇者活力恢復組,240,24
2656,52,勇鬥40週年｜史萊姆皇家尋寶組,244,24
2657,52,勇鬥40週年｜勇者勝利裝備組,254,25
2658,52,勇鬥40週年｜高經驗值討伐組,229,22
2659,52,史萊姆可頌,65,6
2660,52,史萊姆乳酪貝果,75,7
2661,52,史萊姆皇后奶油吐司,60,6
2662,52,史萊姆香蕉千層蛋餅,75,7
2663,52,史萊姆炸雞芝加哥堡,120,12
2664,52,史萊姆造型保溫袋,40,4
2665,52,寵物頭套拉亞國王史萊姆,219,21
2666,52,史萊姆經典餐盤,139,13
2667,52,貘生氣紓壓吐司,99,9
2668,52,藍莓乳酪生甜甜圈,69,6
2669,52,藍莓乳酪生甜甜圈組,189,18
2670,52,史萊姆乳酪生甜甜圈,75,7
2671,52,家庭樂享餐,395,39
2672,52,可鹽可甜雙人套餐,180,18
2673,52,海陸雙拼雙人套餐,200,20
2674,52,亞洲風味雙人套餐,260,26
2675,52,起司厚牛漢堡組合餐,118,11
2676,52,起司鱈魚漢堡組合餐,105,10
2677,52,XL卡啦炸雞漢堡組合餐,119,11
2678,52,海味蝦排米堡組合餐,119,11
2679,52,風味燒肉米堡組合餐,95,9
2680,52,德式燻腸蛋皇后奶油吐司組合餐,109,10
2681,52,厚切里肌米堡組合餐,119,11
2682,52,厚切里肌蛋皇后奶油吐司組合餐,134,13
2683,52,KITKAT巧克力XL勁辣炸雞芝加哥堡組合餐 ,144,14
2684,52,傑克厚牛芝加哥堡組合餐,138,13
2685,52,A.舒肥雞可頌大早餐,195,19
2686,52,B.法式皇后盤餐,180,18
2687,52,C.台式經典拼盤,140,14
2688,52,D.厚切里肌蛋盤餐,145,14
2689,52,E.活力盤餐,135,13
2690,52,F.鐵板烏龍麵&煎餃餐,139,13
2691,52,G.藍莓乳酪貝果大早餐,185,18
2692,52,兒童雞塊餐,104,10
2693,52,紅醬XL勁辣炸雞義大利麵,160,16
2694,52,白醬松露蕈菇義大利麵,145,14
2695,52,紅醬德式燻腸義大利麵,120,12
2696,52,厚切里肌米堡,95,9
2697,52,厚切里肌蛋湯種吐司,89,8
2698,52,蜂蜜乳酪貝果 ,69,6
2699,52,原味乳酪貝果 ,69,6
2700,52,XL卡啦炸雞漢堡,89,8
2701,52,XL勁辣炸雞漢堡,89,8
2702,52,松露蕈菇厚牛漢堡,95,9
2703,52,起司厚牛漢堡,89,8
2704,52,海味蝦排漢堡,79,7
2705,52,起司鱈魚漢堡,75,7
2706,52,烙烤雞腿漢堡,79,7
2707,52,麥香雞漢堡,49,4
2708,52,北海道鮭魚米堡,99,9
2709,52,海味蝦排米堡,89,8
2710,52,壽喜燒牛米堡,75,7
2711,52,風味燒肉米堡,69,6
2712,52,麥香雞米堡,65,6
2713,52,烙烤雞腿米堡,85,8
2714,52,北海道鮭魚芝加哥堡,114,11
2715,52,傑克厚牛芝加哥堡,110,11
2716,52, 厚切里肌芝加哥堡,94,9
2717,52,KITKAT巧克力XL勁辣炸雞芝加哥堡 ,114,11
2718,52,XL花生勁辣炸雞芝加哥堡,114,11
2719,52,蝦排蛋皇后奶油吐司,99,9
2720,52,厚切里肌蛋皇后奶油吐司,99,9
2721,52,鱈魚蛋皇后奶油吐司,85,8
2722,52,壽喜燒牛蛋皇后奶油吐司,85,8
2723,52,德式燻腸蛋皇后奶油吐司,79,7
2724,52,草莓煉乳皇后奶油吐司,55,5
2725,52,鮪魚蛋皇后奶油吐司,69,6
2726,52,KITKAT巧克力香蕉皇后奶油吐司,74,7
2727,52,烙烤雞腿蛋皇后奶油吐司,89,8
2728,52,花生香蕉皇后奶油吐司,65,6
2729,52,起司厚牛貝果,99,9
2730,52,松露蕈菇起司貝果 ,89,8
2731,52,厚切里肌貝果,89,8
2857,53,燻雞義大利麵,210,21
2732,52,草莓煉乳乳酪貝果,75,7
2733,52,藍莓乳酪貝果 ,69,6
2734,52,KITKAT巧克力貝果,59,5
2735,52,鮪魚蛋貝果,79,7
2736,52,風味燒肉千層蛋餅,59,5
2737,52,燻雞千層蛋餅,59,5
2738,52,玉米千層蛋餅,55,5
2739,52,鮪魚沙拉千層蛋餅,59,5
2740,52,肉鬆千層蛋餅,55,5
2741,52,壽喜燒牛千層蛋餅,65,6
2742,52,KITKAT巧克力香蕉蛋餅,74,7
2743,52,火腿起司蛋湯種吐司,65,6
2744,52,花生湯種吐司,40,4
2745,52,鮪魚沙拉蛋湯種吐司,59,5
2746,52,起司蛋湯種吐司,59,5
2747,52,XL卡啦炸雞湯種吐司,85,8
2748,52,​KITKAT巧克力湯種吐司,45,4
2749,52,草莓煉乳湯種吐司,49,4
2750,52,培根燻雞蛋湯種吐司,79,7
2751,52,德式燻腸【2條】,55,5
2752,52,藍莓可頌,55,5
2753,52,蘋果派,50,5
2754,52,黃金脆薯,55,5
2755,52,麥克雞塊【4塊】,50,5
2756,52,三角薯餅【3塊】,40,4
2757,52,拿坡里肉醬義大利麵【加蛋】,90,9
2758,52,美式雞柳條【2條】,59,5
2759,52,蔬菜熱狗【2條】,45,4
2760,52,蘿蔔糕【加蛋】,75,7
2761,52,蛋蛋的鐵板麵,69,6
2762,52,白醬燻雞義大利麵【加蛋】,94,9
2763,52,KITKAT巧克力可頌,55,5
2764,52,XL炸雞排,65,6
2765,52,XL勁辣炸雞排,65,6
2766,52,KITKAT巧克力香蕉可頌,80,8
2767,52,草莓煉乳可頌,59,5
2768,52,活力沙拉,55,5
2769,52,抹茶拿鐵,85,8
2770,52,紅茶拿鐵【大杯】,55,5
2771,52,可可【大杯】,50,5
2772,52,蘋果茶【大杯】,40,4
2773,52,豆漿【有糖】,40,4
2774,52,奶茶【大杯】,40,4
2775,52,玄米煎茶【無糖】,35,3
2776,52,無糖綠茶,35,3
2777,52,紅茶【大杯】,35,3
2778,52,豆漿【無糖】,40,4
2779,52,拿鐵咖啡,55,5
2780,52,鴛鴦咖啡,55,5
2781,52,美式咖啡,45,4
2782,52,KITKAT冰摩卡,75,7
2783,53,肉鬆吐司,55,5
2784,53,薯餅吐司,60,6
2785,53,豬肉吐司,60,6
2786,53,火腿吐司,70,7
2787,53,培根吐司,70,7
2788,53,起司火腿吐司,75,7
2789,53,特調鮪魚吐司,75,7
2790,53,壽喜牛肉吐司,80,8
2791,53,洋蔥燻雞吐司,80,8
2792,53,香酥鱈魚吐司,80,8
2793,53,照燒豬排吐司,90,9
2794,53,卡啦脆雞吐司,90,9
2795,53,厚切牛肉吐司,90,9
2796,53,小熱狗,40,4
2797,53,煎餃,55,5
2798,53,蘿蔔糕,55,5
2799,53,蘿蔔糕加蛋,65,6
2800,53,美式薯條,55,5
2801,53,地瓜薯條,55,5
2802,53,迷你銀絲捲,55,5
2803,53,薯餅,60,6
2804,53,雞塊,60,6
2805,53,帶皮薯塊,60,6
2806,53,雙色QQ球,70,7
2807,53,雞米花,80,8
2808,53,洋蔥圈,90,9
2809,53,雞柳條,90,9
2810,53,炸物拼盤,270,27
2811,53,玉米蛋餅,45,4
2812,53,樸式烘蛋蛋餅,55,5
2813,53,培根蛋餅,55,5
2814,53,火腿蛋餅,55,5
2815,53,薯餅蛋餅,60,6
2816,53,九層塔蛋餅,70,7
2817,53,特調鮪魚蛋餅,70,7
2818,53,爆漿起士蛋餅,70,7
2819,53,壽喜牛肉蛋餅,75,7
2820,53,泡菜豬肉蛋餅,80,8
2821,53,墨西哥辣椒牛肉蛋餅,90,9
2822,53,特調鮪魚招牌捲,110,11
2823,53,德國香腸招牌捲,115,11
2824,53,香檸雞柳招牌捲,120,12
2825,53,照燒豬肉招牌捲,120,12
2826,53,洋蔥燻雞招牌捲,135,13
2827,53,厚切牛肉招牌捲,150,15
2828,53,泡菜豬肉招牌捲,150,15
2829,53,墨西哥牛肉招牌捲,150,15
2830,53,壽喜牛肉招牌捲,150,15
2831,53,養生豆漿,35,3
2832,53,嚴選紅茶,35,3
2833,53,油切綠茶,35,3
2834,53,招牌奶茶,45,4
2835,53,柳橙汁【限冰飲】,45,4
2836,53,紅茶拿鐵,60,6
2837,53,焦糖奶茶,70,7
2838,53,美式黑咖啡,55,5
2839,53,拿鐵咖啡,75,7
2840,53,奶油,45,4
2841,53,草莓,45,4
2842,53,花生,45,4
2843,53,奶酥,45,4
2844,53,巧克力,45,4
2845,53,香蒜,45,4
2846,53,遇見巴黎,200,20
2847,53,鄉村之戀,210,21
2848,53,波蘭之情,210,21
2849,53,浪漫義風,235,23
2850,53,早安有餘,250,25
2851,53,舒肥低脂輕樂活,295,29
2852,53,愛上菠蘿堡,270,27
2853,53,樸樂牛鬥士,295,29
2854,53,半隻甕仔雞,405,40
2855,53,兒童噗噗車,175,17
2856,53,培根義大利麵,210,21
2858,53,燻腸義大利麵,210,21
2859,53,培根嫩雞義大利麵,230,23
2860,53,雞腿排義大利麵,235,23
2861,53,樸樂卡波納拉義大利麵,235,23
2862,53,海鮮義大利麵,255,25
2863,53,蛤蠣義大利麵,255,25
2864,53,炸雞義大利麵,250,25
2865,53,炸雞排義大利麵,280,28
2866,53,起士豬排義大利麵,295,29
2867,53,培根燉飯,210,21
2868,53,燻雞燉飯,210,21
2869,53,燻腸燉飯,210,21
2870,53,培根嫩雞燉飯,230,23
2871,53,雞腿排燉飯,235,23
2872,53,樸樂卡波納拉燉飯,235,23
2873,53,海鮮燉飯,255,25
2874,53,蛤蠣燉飯,255,25
2875,53,炸雞燉飯,250,25
2876,53,炸雞排燉飯,280,28
2877,53,起士豬排燉飯,295,29
2878,53,日式鍋燒【牛】,200,20
2879,53,日式鍋燒【豬】,200,20
2880,53,蕃茄【牛】,220,22
2881,53,蕃茄【豬】,220,22
2882,53,泡菜【牛】,220,22
2883,53,泡菜【豬】,220,22
2884,53,麻辣鴨血【牛】,250,25
2885,53,麻辣鴨血【豬】,250,25
2886,53,叻沙海鮮,250,25
2887,53,炸豬排,260,26
2888,53,炸蝦,260,26
2889,53,炸雞排,270,27
2890,53,日式丼飯【牛】,210,21
2891,53,日式丼飯【豬】,210,21
2892,53,炸豬排丼飯,240,24
2893,53,滑嫩雞腿丼飯,240,24
2894,53,比臉大雞排丼飯,255,25
2895,53,炸蝦丼飯,255,25
2896,53,紅酒燉牛肉飯,270,27
2897,53,咖哩牛肉飯,270,27
2898,53,咖哩豬排飯,270,27
2899,53,咖哩雞排飯,270,27
2900,53,咖哩炸蝦飯,270,27
2901,53,水果沙拉,160,16
2902,53,雞柳沙拉,180,18
2903,53,炸雞沙拉,180,18
2904,54,招牌白酒蒜香雞肉手作飯食,150,15
2905,54,泰式椒麻無骨雞手作飯食,165,16
2906,54,類金沙無骨雞手作飯食,165,16
2907,54,日式醬燒無骨雞手作飯食,165,16
2908,54,韓式炙燒起司雞手作飯食,169,16
2909,54,經典椒鹽【腿排】手作飯食,165,16
2910,54,泰式椒麻【腿排】手作飯食,175,17
2911,54,韓式起司【腿排】手作飯食,175,17
2912,54,類金沙脆皮【腿排】手作飯食,175,17
2913,54,川味麻辣【腿排】手作飯食,175,17
2914,54,日式醬燒【腿排】手作飯食,175,17
2915,54,韓式炙燒起司【腿排】手作飯食,185,18
2916,54,經典椒鹽雞排手作飯食,178,17
2917,54,泰式椒麻雞排手作飯食,185,18
2918,54,韓式起司雞排手作飯食,185,18
2919,54,類金沙脆皮雞排手作飯食,185,18
2920,54,川味麻辣雞排手作飯食,185,18
2921,54,日式醬燒雞排手作飯食,185,18
2922,54,韓式炙燒起司雞排手作飯食,205,20
2923,54,經典椒鹽香香雞手作飯食,148,14
2924,54,泰式椒麻香香雞手作飯食,165,16
2925,54,類金沙香香雞手作飯食,165,16
2926,54,日式醬燒香香雞,165,16
2927,54,韓式炙燒起司香香雞手作飯食,175,17
2928,54,柳葉魚手作飯食,155,15
2929,54,復刻豬排手作飯食,145,14
2930,54,醬燒豬排手作飯食,158,15
2931,54,海陸三拼手作飯食,165,16
2932,54,招牌雙拼手作飯食,165,16
2933,54,酥炸豬排手作飯食,150,15
2934,54,香雞排,95,9
2935,54,招牌白酒蒜香雞肉,65,6
2936,54,無骨腿排,80,8
2937,54,香香雞(三角骨),65,6
2938,54,豬排,75,7
2939,54,雞塊,35,3
2940,54,米血,35,3
2941,54,皮蛋,35,3
2942,54,柳葉魚,35,3
2943,54,花枝丸,35,3
2944,54,洋蔥圈,35,3
2945,54,香酥豆包,35,3
2946,54,地瓜球,35,3
2947,54,山藥卷,35,3
2948,54,蘿蔔糕,35,3
2949,54,甜不辣,35,3
2950,54,百頁豆腐,35,3
2951,54,香綿芋丸,35,3
2952,54,德式香腸,35,3
2953,54,細薯,35,3
2954,54,小熱狗,35,3
2955,54,小肉豆,35,3
2956,54,炸湯圓,35,3
2957,54,洞洞薯餅,35,3
2958,54,剝皮辣椒雞湯,80,8
2959,54,香菇雞湯,80,8
2960,54,藥膳雞湯,80,8
2961,54,經典清燉雞湯,80,8
2962,54,藥膳猴頭菇湯,80,8
2963,54,凝香紅茶,35,3
2964,54,初露綠茶',35,3
2965,54,花澗青茶,35,3
2966,54,冬瓜茶,40,4
2967,54,冬瓜弄紅茶,40,4
2968,54,冬瓜弄青茶,40,4
2969,54,冬瓜弄檸檬,50,5
2970,54,爆檸青茶,50,5
2971,54,爆檸紅茶,50,5
2972,54,柚香凝紅,50,5
2973,54,柚香青茶,45,4
2974,54,蜂蜜紅茶,60,6
2975,54,蜂蜜綠茶,60,6
2976,54,蜂蜜青茶,60,6
2977,54,爆檸柚青,65,6
2978,54,爆檸柚紅,65,6
2979,54,泰式奶茶,70,7
2980,54,單點-白飯,20,2
2981,55,蜜桃烏龍,90,9
2982,55,蜜桃茉莉,90,9
2983,55,荔荔茉莉,70,7
2984,55,荔荔蜜桃椰果,85,8
2985,55,荔多鮮奶果昔,80,8
2986,55,海鹽芒果綠,85,8
2987,55,夏嶼果茶,85,8
2988,55,蔗杯紅柚凍飲,95,9
2989,55,英倫伯爵紅茶,50,5
2990,55,茉莉原淬綠茶,50,5
2991,55,大正醇香紅茶,50,5
2992,55,琥珀高峰烏龍,50,5
2993,55,原片初露青茶,50,5
2994,55,冰萃柳丁,80,8
2995,55,冰萃檸檬,80,8
2996,55,柳丁綠茶,85,8
2997,55,香柚綠茶,75,7
2998,55,柳丁青茶,85,8
2999,55,冬瓜青茶,70,7
3000,55,白甘蔗青茶,90,9
3001,55,蜂蜜檸檬晶凍,75,7
3002,55,桂香原片青,70,7
3003,55,桂香青檸蜂蜜粉粿,85,8
3004,55,大正紅茶拿鐵,75,7
3005,55,伯爵紅茶拿鐵,75,7
3006,55,珍珠伯爵紅茶拿鐵,85,8
3007,55,珍珠大正紅茶拿鐵,85,8
3008,55,茉香綠茶拿鐵,75,7
3009,55,原片青茶拿鐵,75,7
3010,55,琥珀烏龍拿鐵,75,7
3011,55,手炒黑糖鮮奶,105,10
3012,55,珍珠鮮奶,105,10
3013,55,嫩仙草凍奶,105,10
3014,55,芋頭鮮奶,105,10
3015,55,原鄉冬瓜茶,55,5
3016,55,冬瓜檸檬,70,7
3017,55,焙香決明大麥,50,5
3018,55,焙香大麥拿鐵,75,7
3019,55,冬瓜麥茶,70,7
3020,55,輕纖蕎麥茶,60,6
3021,55,輕纖蕎麥拿鐵,90,9
3022,55,桂香輕蕎麥,75,7
3023,55,塑膠袋,1,0
3024,56,因現行規範，恕無法提供塑膠袋，故每筆訂單多增加2元塑膠袋費用，1杯袋、2杯袋、4杯袋、6杯袋，皆為兩元，依照各訂單杯數不同給予不同杯數塑膠袋，以維護飲品衛生問題。,0,0
3025,56,凍飲可提供溫飲，不提供熱飲,0,0
3026,56,如需吸管，請於結帳前勾選索取餐具、吸管。如無勾選索取，響應環保本店將不提供吸管，再請見諒感謝支持～,0,0
3027,56,香瓜金萱青茶,85,8
3028,56,鶴頂紅茶-順口,45,4
3029,56,綺夢紅茶,50,5
3030,56,舶來紅茶,45,4
3031,56,藝伎紅茶,50,5
3032,56,蘭香綠茶,40,4
3033,56,桂香烏龍茶,50,5
3034,56,金萱青茶,45,4
3035,56,鶴頂紅茶-濃口,45,4
3036,56,鶴頂那堤,70,7
3037,56,舶來那堤,70,7
3038,56,藝伎那堤,75,7
3039,56,綺夢那堤,75,7
3040,56,桂香烏龍那堤,75,7
3041,56,神濃氏那堤,75,7
3042,56,綺夢珍珠那堤,85,8
3043,56,鶴記杏仁凍桂香烏龍茶,65,6
3044,56,鶴記紅茶凍奶茶,70,7
3045,56,鶴記鴛鴦凍奶茶(杏仁凍+黑芝麻糊凍),80,8
3046,56,鶴記芝麻糊凍鶴頂那堤,90,9
3047,56,蕎麥粉粿蕎麥茶,65,6
3048,56,古早味紅茶粉粿奶茶,70,7
3049,56,塩選牛奶糖奶蓋綠茶,65,6
3050,56,塩選牛奶糖奶蓋蕎麥茶,75,7
3051,56,塩選牛奶糖奶蓋鶴頂紅茶,70,7
3052,56,復刻奶茶,70,7
3053,56,復刻波霸奶茶,70,7
3054,56,883蕎麥茶王,50,5
3055,56,883蕎麥茶王杏仁凍,65,6
3056,56,883蕎麥茶王那堤,75,7
3057,56,青檸蘭香綠茶,65,6
3058,56,蘋果鶴頂紅茶,70,7
3059,56,柳丁蘭香綠茶,70,7
3060,56,荔枝鶴頂紅茶,75,7
3061,56,鶴氏姥姥水果茶,75,7
3062,56,蜜桃藝伎紅茶,85,8
3063,56,桂香烏龍多多,75,7
3064,56,經典綠茶多多,70,7
3065,56,藝伎紅茶多多,75,7
3066,56,鶴頂紅茶多多,75,7
3067,56,舶來紅茶多多,75,7
3068,56,鶴頂燕麥奶,80,8
3069,56,舶來燕麥奶,80,8
3070,56,藝伎燕麥奶,85,8
3071,56,綺夢燕麥奶,85,8
3072,56,桂香烏龍燕麥奶,85,8
3073,56,神濃氏燕麥奶,85,8
3074,56,蕎麥茶王燕麥奶,85,8
3075,57,紅茶冰,24,2
3076,57,冬瓜冰,24,2
3077,57,冬瓜紅,24,2
3078,57,鮮奶茶,42,4
3079,57,鮮奶翡翠,48,4
3080,57,雙P鮮奶茶,42,4
3081,57,冬瓜鮮奶茶,48,4
3082,57,特濃鮮奶茶,54,5
3083,57,冬瓜檸檬,48,4
3084,57,翡翠檸檬,48,4
3085,57,港式凍檸茶,48,4
3086,57,翡翠多多,48,4
3087,57,凍檸冬瓜茶,48,4
3088,57,豆漿紅茶,42,4
3089,57,豆漿冬瓜,42,4
3090,58,滷肉飯便當,145,14
3091,58,雞滷飯便當,150,15
3092,58,排骨飯便當,150,15
3093,58,雞排飯便當,180,18
3094,58,大雞腿便當,180,18
3095,58,雞肉捲便當,150,15
3096,58,雞肉飯便當,150,15
3097,58,日式雞排飯,150,15
3098,58,日式豬排飯,150,15
3099,58,雞肉飯,60,6
3100,58,滷肉飯,60,6
3101,58,雞滷飯,75,7
3102,58,赤肉羹飯,105,10
3103,58,白飯,25,2
3104,58,赤肉羹麵,105,10
3105,58,現炸排骨麵,135,13
3106,58,麻油雞麵線,135,13
3107,58,乾拌麵//湯麵,75,7
3108,58,滷菜拼盤,55,5
3109,58,荷包蛋,25,2
3110,58,燙青菜,55,5
3111,58,皮蛋豆腐,60,6
3112,58,滷筍乾,75,7
3113,58,現炸排骨,75,7
3114,58,現炸雞排,115,11
3115,58,現炸大雞腿,115,11
3116,58,涼拌黃瓜（甜口）,75,7
3117,58,涼拌蘿蔔,75,7
3118,58,黃金雞肉捲,75,7
3119,58,日式炸豬排,75,7
3120,58,日式炸雞排,75,7
3121,58,貢丸湯,45,4
3122,58,手工赤肉羹,75,7
3123,58,綜合丸湯,45,4
3124,58,麻油雞,120,12
3125,59,肉品原產地：台灣豬肉,0,0
3126,59,(套餐)招牌爌肉飯便當,175,17
3127,59,(套餐)限量牛肉飯便當,205,20
3128,59,(套餐)雞腿飯便當,205,20
3129,59,(套餐)排骨飯便當,185,18
3130,59,(套餐)肉燥飯便當,135,13
3131,59,(套餐)小肉燥飯便當,115,11
3132,59,(套餐)小排骨飯便當,165,16
3133,59,(套餐)小雞腿飯便當,185,18
3134,59,(套餐)小爌肉飯便當,155,15
3135,59,(套餐)菜飯便當,130,13
3136,59,(套餐)小菜飯便當,115,11
3137,59,(套餐)小限量牛肉飯便當,185,18
3138,59,招牌爌肉飯便當,140,14
3139,59,限量牛肉飯便當,170,17
3140,59,雞腿飯便當,170,17
3141,59,排骨飯便當,150,15
3142,59,肉燥飯便當,105,10
3143,59,菜飯便當,105,10
3144,59,【小】招牌爌肉飯便當,115,11
3145,59,【小】雞腿飯便當,150,15
3146,59,【小】排骨飯便當,130,13
3147,59,【小】肉燥飯便當,85,8
3148,59,【小】菜飯便當,85,8
3149,59,【小】限量牛肉飯便當,150,15
3150,59,檸檬冬瓜 (小),50,5
3151,59,檸檬冬瓜 (大),55,5
3152,59,可口可樂,40,4
3153,59,黑松沙士,40,4
3154,59,冬瓜茶 【大】,45,4
3155,59,茶裏王(英式紅茶),35,3
3156,59,茶裏王(日式無糖),35,3
3157,59,生活綠茶,20,2
3158,59,生活紅茶,20,2
3159,59,礦泉水,20,2
3160,60,黃金蛋炒飯,98,9
3161,60,肉絲蛋炒飯,106,10
3162,60,茄汁肉絲蛋炒飯,106,10
3163,60,菜圃蛋炒飯,102,10
3164,60,玉米火腿炒飯,102,10
3165,60,羊肉炒飯,111,11
3166,60,吻魚蛋炒飯,115,11
3167,60,日式鯖魚炒飯,111,11
3168,60,揚州臘肉炒飯,115,11
3169,60,沙茶炒飯【牛】,115,11
3170,60,沙茶炒飯【羊】,115,11
3171,60,沙茶炒飯【豬】,111,11
3172,60,咖哩炒飯【牛】,115,11
3173,60,咖哩炒飯【羊】,115,11
3174,60,咖哩炒飯【豬】,111,11
3175,60,義式起司【牛】,119,11
3176,60,義式起司【豬】,119,11
3177,60,泡菜炒飯【牛】,119,11
3178,60,泡菜炒飯【羊】,119,11
3179,60,泡菜炒飯【豬】,115,11
3180,60,Xo海皇蛋炒飯【豬】,115,11
3181,60,Xo海皇蛋炒飯【牛】,119,11
3182,60,Xo海皇蛋炒飯【羊】,123,12
3183,60,泡菜起司炒飯【牛】,128,12
3184,60,泡菜起司炒飯【羊】,123,12
3185,60,泡菜起司炒飯【豬】,123,12
3186,60,蝦仁蛋炒飯,115,11
3187,60,泰式鮮蝦炒飯,119,11
3188,60,泰式打抛炒飯,123,12
3189,60,鹹豬肉炒飯,123,12
3190,60,三島鮭魚炒飯,132,13
3191,60,義式起司【羊】,119,11
3192,60,東港櫻花蝦炒飯,119,11
3193,60,青椒牛肉炒飯,119,11
3194,60,青椒羊肉炒飯,119,11
3195,60,青椒肉絲炒飯,119,11
3196,60,牛肉炒飯,115,11
3197,60,蒜仁蜆精湯,72,7
3198,60,金針排骨湯,77,7
3199,60,香菇雞湯,81,8
3200,60,剝皮辣椒雞湯,72,7
3201,60,鳳梨苦瓜雞湯,77,7
3202,60,菜脯雞湯,89,8
3203,60,荷包蛋【全熟】,17,1
3204,60,荷包蛋【半熟】,17,1
3205,60,杏片沙拉蝦球,213,21
3206,60,川味口水雞,213,21
3207,60,嫩薑松阪,234,23
3208,60,蔥薑海南雞,204,20
3209,60,麻油松阪豬,213,21
3210,60,塔香番茄炒蛤蜊,170,17
3211,60,沙茶牛肉,187,18
3212,60,沙茶羊肉,187,18
3213,60,蔥爆牛肉,187,18
3214,60,蔥爆羊肉 ,187,18
3215,60,滑蛋蝦仁,187,18
3216,60,滑蛋牛肉,187,18
3217,60,泰式打抛豬,187,18
3218,60,客家小炒,187,18
3219,60,韭菜蒼蠅頭,162,16
3220,60,梅汁軟排骨,187,18
3221,60,椒鹽軟排骨,187,18
3222,60,塔香螺肉,187,18
3223,60,客保雞丁,187,18
3224,60,宮保皮蛋,162,16
3225,60,鹹蛋苦瓜,187,18
3226,60,鹹蛋杏鮑菇,153,15
3227,60,菜圃煎蛋,111,11
3228,60,蔥花煎蛋,111,11
3229,60,吻魚煎蛋,128,12
3230,60,剝皮辣椒蛋,128,12
3231,60,櫻花蝦高麗菜,128,12
3232,60,薑絲大腸,234,23
3233,60,金沙蝦球,242,24
3234,60,蔥燒魚,213,21
3235,60,麻婆豆腐,179,17
3236,60,蚵仔炒蛋,187,18
3237,60,糖醋魚,213,21
3238,60,白灼蝦,234,23
3239,60,糖醋魚,213,21
3240,60,豆鼓鮮蚵,196,19
3241,60,芹菜中卷,234,23
3242,60,鹹酥蝦,234,23
3243,60,蚵仔酥,213,21
3244,60,炒臘肉,204,20
3245,60,農家豆腐,170,17
3246,60,唐揚雞腿,179,17
3247,60,魚香茄子,179,17
3248,60,白飯,17,1
3249,60,季節時蔬,119,11
3250,60,酸筍絲空心菜,119,11
3251,60,地瓜葉,119,11
3252,60,龍鬚菜,119,11
3253,60,什錦炒麵【豬】,111,11
3254,60,什錦炒麵【牛】,115,11
3255,60,什錦炒麵【羊】,115,11
3256,60,什錦炒麵【海鮮】,115,11
3257,60,沙茶炒麵【豬】,111,11
3258,60,沙茶炒麵【牛】,115,11
3259,60,沙茶炒麵【羊】,115,11
3260,60,沙茶炒麵【海鮮】,115,11
3261,60,泡菜炒麵【豬】,106,10
3262,60,泡菜炒麵【牛】,115,11
3263,60,泡菜炒麵【羊】,115,11
3264,60,泡菜炒麵【海鮮】,119,11
3265,60,海皇XO炒麵【牛】,115,11
3266,60,海皇XO炒麵【羊】,115,11
3267,60,海皇XO炒麵【豬】,111,11
3268,60,海皇XO炒麵【海鮮】,119,11
3269,61,筒仔米糕,72,7
3270,61,滷肉飯,72,7
3271,61,炸醬飯,77,7
3272,61,豬腳飯,145,14
3273,61,單點豬腳,77,7
3274,61,豬腳麵,145,14
3275,61,餛飩麵,85,8
3276,61,蛋花湯麵,77,7
3277,61,雞絲麵【湯】內容無雞肉絲,72,7
3278,61,雞絲麵【乾】,72,7
3279,61,麻醬乾麵,85,8
3280,61,滷肉乾麵,72,7
3281,61,南投意麵【湯】,72,7
3282,61,南投意麵【乾】,72,7
3283,61,新竹米粉【湯】,72,7
3284,61,新竹米粉【乾】,72,7
3285,61,陽春麵【湯】,72,7
3286,61,陽春麵【乾】,72,7
3287,61,黃麵【湯】,72,7
3288,61,黃麵【乾】,72,7
3289,61,粄條【湯】,72,7
3290,61,粄條【乾】,72,7
3291,61,五香豆干,47,4
3292,61,油豆腐,47,4
3293,61,三層肉,81,8
3294,61,豬頭皮,60,5
3295,61,大腸,77,7
3296,61,豬舌,68,6
3297,61,豬肝連,81,8
3298,61,筍乾,68,6
3299,61,滷蛋【不切】,26,2
3300,61,蒜味魷魚,77,7
3301,61,芥末魷魚,77,7
3302,61,乾餛飩,94,9
3303,61,酥皮雞捲,81,8
3304,61,椒鹽四季豆,81,8
3305,61,鹽酥溪蝦,145,14
3306,61,黃金隕石,153,15
3307,61,豆芽加韭菜,38,3
3308,61,燙青菜,60,5
3309,61,柴魚韭菜,55,5
3310,61,燙四季豆,81,8
3311,61,苦瓜排骨湯,64,6
3312,61,金針排骨湯,64,6
3313,61,豬肝連湯,64,6
3314,61,餛飩湯,64,6
3315,61,蘿蔔湯,41,4
3316,61,青菜湯,41,4
3317,61,油豆腐湯,38,3
3318,61,豬血湯,38,3
3319,61,貢丸湯,38,3
3320,61,蛋花湯,38,3
3321,61,海帶芽,51,5
3322,61,涼拌小黃瓜,64,6
3323,61,涼拌牛蒡絲,64,6
3324,61,鹹蛤,64,6
3325,61,花生,68,6
3326,61,涼拌木耳,64,6
3327,62,冰塊,9,0
3328,62,埔里純水,18,1
3329,62,美式咖啡,45,4
3330,62,拿鐵咖啡,54,5
3331,62,職人鮮奶【杯】,72,7
3332,62,職人鮮奶【瓶】,117,11
3333,62,紅茶,27,2
3334,62,綠茶,27,2
3335,62,青茶,27,2
3336,62,烏龍茶,27,2
3337,62,烏龍綠茶,27,2
3338,62,烏龍紅茶,27,2
3339,62,烏龍青茶,27,2
3340,62,仙草甘茶,27,2
3341,62,蜜茶,32,3
3342,62,冬瓜茶,32,3
3343,62,冬瓜紅茶,32,3
3344,62,冬瓜綠茶,32,3
3345,62,冬瓜青茶,32,3
3346,62,冬瓜烏龍,32,3
3347,62,冬瓜仙甘,41,4
3348,62,百香冰茶,36,3
3349,62,蔓越莓冰茶,36,3
3350,62,檸檬冰茶,50,4
3351,62,柳丁冰茶,59,5
3352,62,鮮奶茶,50,4
3353,62,鮮奶綠茶,50,4
3354,62,鮮奶青茶,50,4
3355,62,烏龍鮮奶,50,4
3356,62,冬瓜鮮奶,50,4
3357,62,蜂蜜鮮奶茶,59,5
3358,62,仙甘鮮奶茶,59,5
3359,62,阿華田鮮奶,63,6
3360,62,玫瑰鮮奶茶,68,6
3361,62,玫瑰鮮奶綠,68,6
3362,62,玫瑰鮮奶青,68,6
3363,62,玫瑰烏龍鮮奶,68,6
3364,62,榛果鮮奶茶,68,6
3365,62,榛果鮮奶綠,68,6
3366,62,榛果鮮奶青,68,6
3367,62,榛果烏龍鮮奶,68,6
3368,62,甘蔗青茶,50,4
3369,62,甘蔗紅茶,50,4
3370,62,甘蔗綠茶,50,4
3371,62,甘蔗烏龍茶,50,4
3372,62,甘蔗汁,59,5
3373,62,甘蔗鮮奶,63,6
3374,62,甘蔗檸檬,63,6
3375,62,百香綠茶,41,4
3376,62,百香紅茶,41,4
3377,62,百香青茶,41,4
3378,62,百香烏龍,41,4
3379,62,玫瑰綠茶,41,4
3380,62,玫瑰紅茶,41,4
3381,62,玫瑰青茶,41,4
3382,62,玫瑰烏龍茶,41,4
3383,62,蜂蜜綠茶,41,4
3384,62,蜂蜜紅茶,41,4
3385,62,蜂蜜青茶,41,4
3386,62,蜂蜜烏龍茶,41,4
3387,62,蜂蜜冬瓜,50,4
3388,62,柳丁綠茶,54,5
3389,62,柳丁紅茶,54,5
3390,62,柳丁青茶,54,5
3391,62,柳丁烏龍茶,54,5
3392,62,柳丁冬瓜,59,5
3393,62,冬瓜檸檬,41,4
3394,62,檸檬紅茶,41,4
3395,62,檸檬綠茶,41,4
3396,62,檸檬青茶,41,4
3397,62,蜂蜜檸檬,50,4
3398,62,多多綠茶,45,4
3399,62,多多紅茶,45,4
3400,62,多多青茶,45,4
3401,62,多多冬瓜,45,4
3402,62,蔓越莓多多,45,4
3403,62,百香多多,45,4
3404,62,檸檬多多,59,5
3405,62,柳丁多多,59,5
3406,62,桂圓紅棗茶,50,4
3407,62,桂圓薑母茶,50,4
3408,62,桂圓鮮奶茶,59,5
3409,62,黑糖薑母茶,50,4
3410,62,黑糖薑母鮮奶茶,59,5
3411,62,桂圓娜緹,59,5
3412,62,薑母娜緹,59,5
3413,63,中薯第2件5折 Fries (M) 2nd 50%off,75,7
3414,63,西西里金選美式(冰)買1送1 Select Blend Espresso Romano Americano(Iced) Buy 1 Get 1 Free,90,9
3415,63,套餐-炭燒秘醬安格斯雙牛堡 Barbecue Sauce Double Angus Beef Burger Meal,272,27
3416,63,套餐-炭燒秘醬安格斯牛肉堡 Barbecue Sauce Angus Beef Burger Meal,232,23
3417,63,套餐-炭燒秘醬香烙鷄腿堡 Barbecue Sauce Grilled Chicken Burger Meal,232,23
3418,63,炭燒秘醬分享餐 Barbecue Burger Sharing Meal,570,57
3419,63,炭燒秘醬安格斯雙牛堡捲捲薯特餐 Barbecue Sauce Double Angus Beef Burger Special Meal with Curly Fries,324,32
3420,63,炭燒秘醬安格斯牛肉堡捲捲薯特餐 Barbecue Sauce Angus Beef Burger Special Meal with Curly Fries,284,28
3421,63,炭燒秘醬香烙鷄腿堡捲捲薯特餐 Barbecue Sauce Grilled Chicken Burger Special Meal with Curly Fries,284,28
3422,63,捲捲薯好享餐 3 Curly Fries Sharing Meal,199,19
3423,63,鷄塊鷄腿(原味)分享餐 Chicken McNuggets & Chicken McCrispy Happy Sharing Meal (Original),629,62
3424,63,鷄塊鷄腿(辣味)分享餐 Chicken McNuggets & Chicken McCrispy Happy Sharing Meal (Spicy),629,62
3425,63,原味麥脆鷄腿分享餐 Original Chicken McCrispy Happy Sharing Meal,529,52
3426,63,辣味麥脆鷄腿分享餐 Spicy Chicken McCrispy Happy Sharing Meal,529,52
3427,63,30塊麥克鷄塊分享餐 30pcs Chicken McNuggets Happy Sharing Meal,399,39
3428,63,20塊麥克鷄塊分享餐 20pcs Chicken McNuggets Happy Sharing Meal,299,29
3429,63,勁辣香鷄翅分享餐 Spicy Chicken Wings Happy Sharing Meal,339,33
3430,63,套餐-辣味四盎司牛肉堡 Spicy Angus Beef Burger Meal,194,19
3431,63,套餐-辣味雙層四盎司牛肉堡 Double Spicy Angus Beef Burger Meal,234,23
3432,63,套餐-四盎司牛肉堡 Classic Angus Beef Burger Meal,194,19
3433,63,套餐-雙層四盎司牛肉堡 Double Classic Angus Beef Burger Meal,234,23
3434,63,套餐-帕瑪森安格斯牛肉堡 Parmesan Angus Beef Meal,229,22
3435,63,套餐-帕瑪森主廚鷄腿堡 Parmesan Crispy Chicken Burger Meal,229,22
3436,63,套餐-蕈菇主廚鷄腿堡 Mushroom Crispy Chicken Burger Meal,234,23
3437,63,套餐-勁辣鷄腿堡 Spicy Chicken Filet Burger Meal,180,18
3438,63,套餐-麥克鷄塊(10塊) Chicken McNuggets (10pcs) Meal,203,20
3439,63,套餐-大麥克 Big Mac Meal,180,18
3440,63,套餐-原味麥脆鷄腿 (2塊) Original Chicken McCrispy (2pcs) Meal,228,22
3441,63,套餐-辣味麥脆鷄腿 (2塊) Spicy Chicken McCrispy (2pcs) Meal,228,22
3442,63,套餐-蕈菇安格斯牛肉堡 Mushroom Angus Beef Burger Meal,234,23
3443,63,套餐-BLT 安格斯牛肉堡 BLT Angus Beef Burger Meal,224,22
3444,63,套餐-BLT 嫩煎鷄腿堡 BLT Grilled Chicken Burger Meal,224,22
3445,63,套餐-雙層牛肉吉事堡 Double Cheeseburger Meal,174,17
3446,63,套餐-雙層麥香鷄 Double McChicken Meal,180,18
3447,63,套餐-雙層麥香魚 Double Filet-O-Fish Meal,194,19
3448,63,套餐-麥克鷄塊(6塊) Chicken McNuggets (6pcs) Meal,162,16
3449,63,套餐-麥香鷄 McChicken Meal,150,15
3450,63,套餐-麥香魚 Filet-O-Fish Meal,154,15
3451,63,麥克鷄塊餐(4塊) Happy Meal Happy Meal - Chicken McNuggets (4pcs),89,8
3452,63,漢堡餐 Happy Meal Happy Meal - Hamburger,89,8
3453,63,陽光鱈魚堡餐 Happy Meal Happy Meal - McFish,89,8
3454,63,原味麥脆鷄腿(1塊) Original McCrispy (1pc),75,7
3455,63,麥克鷄塊 (4塊) Chicken McNuggets (4pcs),53,5
3456,63,辣味麥脆鷄腿(1塊) Spicy McCrispy (1pc),75,7
3457,63,麥克鷄塊 (10塊) Chicken McNuggets (10pcs),114,11
3458,63,麥克鷄塊 (6塊) Chicken McNuggets (6pcs),73,7
3459,63,蘋果派 Apple Pie,45,4
3460,63,台灣鮮榨柳丁汁 Taiwan Fresh Orange Juice,73,7
3461,63,焦糖奶茶(冰) Caramel Milk Tea (Iced),73,7
3462,63,紅茶(熱) Tea(Hot),38,3
3463,63,Evian 礦泉水 Evian Water,55,5
3464,63,熱蜂蜜奶茶 Hot Honey Milk Tea,73,7
3465,63,冰蜂蜜奶茶 Iced Honey Milk Tea,73,7
3466,63,金選那堤(熱) Select Blend Latte(Hot),89,8
3467,63,金選那堤(冰) Select Blend Latte(Iced),89,8
3468,63,金選美式咖啡(熱) Select Blend Americano(Hot),79,7
3469,63,金選美式咖啡(冰)(大) Large Select Blend Americano(Iced),85,8
3470,63,金選美式咖啡(冰) Select Blend Americano(Iced),79,7
3471,63,經典那堤(熱) Latte(Hot),79,7
3472,63,經典那堤(冰) Latte(Iced),79,7
3473,63,經典美式咖啡(熱) Americano(Hot),69,6
3474,63,經典美式咖啡(冰) Americano(Iced),69,6
3475,63,冰蜂蜜紅茶 Iced Honey Black Tea,63,6
3476,63,可口可樂 (中) Coca Cola (M),38,3
3477,63,可口可樂 Zero (中) Coke Zero (M),38,3
3478,63,雪碧 (中) Sprite (M),38,3
3479,63,檸檬風味紅茶(冰) (中) Lemon Flavored Black Tea(Iced) (M),41,4
3480,63,無糖綠茶(冰) (中) Sugar-Free Green Tea(Iced) (M),45,4
3481,63,無糖紅茶(冰) (中) Sugar-Free Black Tea(Iced) (M),45,4
3482,63,玉米湯 (大) Corn Soup (L),60,6
3483,63,甜心卡-素還真紫 Dessert Card_Purple,39,3
3484,63,甜心卡-葉小釵藍 Dessert Card_Blue,39,3
3485,63,甜心卡-一頁書棕 Dessert Card_Brown,39,3
3486,63,甜心卡-套卡 Dessert Card_Set,117,11
3487,63,甜心卡送禮套組 Dessert Card Combo,351,35
3488,63,為維護您餐點的完整性與食品安全性，如需塑膠袋及環保購物袋，請點此處加購,0,0
3489,63,百分百購物袋 (紅) 100% Bag(Red),49,4
3490,63,百分百購物袋 (黑) 100% Bag(Black),49,4
3491,63,塑膠袋 Plastic Bag,3,0
3492,63,客服訂單 (請勿下訂),0,0
3493,63,1.若有任何疑問，請聯繫平台線上客服。,0,0
3494,63,2.商品恕不接受客製化服務。,0,0
3495,63,3.餐點圖片僅供參考。,0,0
3496,63,4. 本餐廳所使用之豬肉(皆不含萊克多巴胺)來自台灣.加拿大.丹麥，實際使用以食材外箱標示為主。,0,0
3497,63,5.本餐廳所使用之牛肉(皆不含萊克多巴胺)來自巴拉圭、澳洲、紐西蘭，實際使用以食材外箱標示為主。,0,0
3498,63,6. 含有咖啡因成分之現場調製飲料產品之總咖啡因含量為最高值,0,0
3499,63,"7. 豬肉滿福堡, 豬肉蛋堡, 豬肉鬆餅系列其豬肉為混合成型，並以熟食供應",0,0
3500,63,"8. 麥香鷄,麥克鷄塊系列產品其鷄肉為混合成型，並以熟食供應",0,0
3501,63,9. 陽光鱈魚堡，麥香魚系列為優質鱈魚肉片魚磚成型，並切片裹粉，熟食供應,0,0
3502,63,10.辣味四盎司牛肉堡、辣味雙層四盎司牛肉堡產品系列其牛肉為混合成型，並以熟食供應,0,0
3503,63,11.上開營養資訊，客製化商品除外,0,0
3504,63,冰奶茶*產品資訊,0,0
3505,63,熱奶茶*產品資訊,0,0
3506,63,經典美式咖啡(冰/熱)*產品資訊,0,0
3507,63,經典那堤(冰/熱)*產品資訊,0,0
3508,63,焦糖奶茶(冰) *產品資訊,0,0
3509,63,可口可樂 M*產品資訊,0,0
3510,63,雪碧 M*產品資訊,0,0
3511,63,可口可樂 Zero  M*產品資訊,0,0
3512,63,無糖冰綠茶 M*產品資訊,0,0
3513,63,無糖冰紅茶 M*產品資訊,0,0
3514,63,檸檬風味紅茶 M*產品資訊,0,0
3515,63,蜂蜜紅茶(冰)*產品資訊,0,0
3516,63,蜂蜜奶茶 (熱)*產品資訊,0,0
3517,63,蜂蜜奶茶 (冰)*產品資訊,0,0
3518,63,熱紅茶*產品資訊,0,0
3519,63,金選美式咖啡(冰/熱) *產品資訊,0,0
3520,63,鬆餅奶油*產品資訊,0,0
3521,63,戀奶精球(非乳(奶)為主)*產品資訊,0,0
3522,63,金選那堤(冰/熱) *產品資訊,0,0
3523,64,極品豆漿【微糖｜罐裝 870ml】,88,8
3524,64,極品豆漿【無糖｜罐裝 870ml】,88,8
3525,64,黑芝麻豆漿【罐裝 870ml】,112,11
3526,64,杏仁豆漿 【罐裝 870ml】,132,13
3527,64,仁泉奶茶【罐裝 870ml】,100,10
3528,64,洛神花茶 【罐裝 870ml】,96,9
3529,64,仁泉奶綠【罐裝 870ml】,100,10
3530,64,仁泉紅茶【罐裝 870ml】,52,5
3531,64,四季春茶【罐裝 870ml】,52,5
3532,64,蘭香玉露【罐裝 870ml】,52,5
3533,64,黃金麥茶【罐裝 870ml】,52,5
3534,64,人生牛棒 【罐裝870ml】,72,7
3535,64,冰釀銀耳露【 罐裝 870ML】,156,15
3536,64,桂圓黑木耳【罐裝 870ml】,156,15
3537,64,焦糖豆花,32,3
3538,64,黑糖豆花,32,3
3539,64,豆花焦糖糖包,4,0
3540,64,豆花黑糖糖包,4,0
3541,64,黑糖嫩仙草,32,3
3542,64,本店每筆訂單酌收餐點包裝費1元。,0,0
3543,65,三仙熟成紅茶拿鐵,60,5
3544,65,熟成紅茶拿鐵,51,5
3545,65,格雷伯爵拿鐵,51,5
3546,65,波霸熟成紅茶拿鐵,60,5
3547,65,粉粿熟成紅茶拿鐵,60,5
3548,65,波霸黑糖拿鐵,68,6
3549,65,粉粿黑糖拿鐵,68,6
3550,65,杏仁凍熟成紅茶拿鐵,60,5
3551,65,碧螺春拿鐵,47,4
3552,65,黑糖拿鐵,60,5
3553,65,烏龍綠拿鐵,51,5
3554,65,鐵觀音拿鐵,51,5
3555,65,熟成紅茶,30,2
3556,65,格雷伯爵紅茶,30,2
3557,65,碧螺春綠茶,30,2
3558,65,鐵觀音茶,30,2
3559,65,烏龍綠,30,2
3560,65,冬瓜茶,30,2
3561,65,仙草干茶,30,2
3562,65,三仙奶茶,51,5
3563,65,三妖奶綠,51,5
3564,65,波霸經典奶茶,51,5
3565,65,粉粿經典奶茶,51,5
3566,65,杏仁凍經典奶茶,51,5
3567,65,粉粿黑糖奶茶,60,5
3568,65,熟成經典奶茶,43,4
3569,65,格雷伯爵奶茶,43,4
3570,65,碧螺春奶綠,43,4
3571,65,雞蛋布丁奶茶,51,5
3572,65,西米露奶茶,47,4
3573,65,烏龍奶,43,4
3574,65,鐵觀音奶茶,43,4
3575,65,芋香奶茶,43,4
3576,65,巧克力奶,43,4
3577,65,粉粿桂花檸檬,55,5
3578,65,梅子凍桂花檸檬,55,5
3579,65,檸檬熟成紅,47,4
3580,65,檸檬綠翡翠,47,4
3581,65,紫蘇梅綠茶,47,4
3582,65,百香綠茶,47,4
3583,65,百香紅茶,47,4
3584,65,多多綠茶,47,4
3585,65,金桔檸檬,47,4
3586,65,冬瓜檸檬,47,4
3587,65,脆梅綠,47,4
3588,65,脆梅8冰綠,47,4
3589,65,脆梅8冰茶,47,4
3590,65,杏仁凍綠茶,43,4
3591,65,梅子凍綠茶,43,4
3592,65,三仙厚奶茶,60,5
3593,65,三妖厚奶綠,60,5
3594,65,波霸厚奶茶,60,5
3595,65,粉粿厚奶茶,60,5
3596,65,波霸黑糖厚奶茶,60,5
3597,65,粉粿黑糖厚奶茶,60,5
3598,65,熟成厚奶茶,51,5
3599,65,格雷伯爵厚奶茶,51,5
3600,65,烏龍厚奶,51,5
3601,65,鐵觀音厚奶,51,5
3602,65,熟成紅奶蓋,51,5
3603,65,伯爵紅茶奶蓋,51,5
3604,65,碧螺春奶蓋,51,5
3605,65,烏龍奶蓋,51,5
3606,65,鐵觀音奶蓋,51,5
3607,65,玧初雞蛋糕小份,38,3
3608,65,玧初古早雞蛋糕大份,47,4
3609,66,綜合蒸餃,97,9
3610,66,牛肉湯包,97,9
3611,66,鮮肉小籠湯包,82,8
3612,66,港式蝦餃,87,8
3613,66,港式燒賣,87,8
3614,66,清蒸肉圓,71,7
3615,66,蘿蔔排骨酥麵,117,11
3616,66,冬瓜排骨酥麵,117,11
3617,66,芋頭排骨酥麵,117,11
3618,66,手切滷肉乾拌麵,71,7
3619,66,香辣小魚乾拌麵,87,8
3620,66,古早味蔥油拌麵,66,6
3621,66,鮮肉餛飩麵,112,11
3622,66,精燉肉燥麵,77,7
3623,66,高麗菜水餃,138,13
3624,66,韭菜水餃,138,13
3625,66,蔥味水餃,138,13
3626,66,筒仔米糕,66,6
3627,66,手切滷肉飯,71,7
3628,66,白飯,31,3
3629,66,黑胡椒豬柳飯,72,7
3630,66,餛飩湯,87,8
3631,66,精燉香菇雞湯,82,8
3632,66,蘿蔔排骨酥湯,87,8
3633,66,冬瓜排骨酥湯,87,8
3634,66,芋頭排骨酥湯,87,8
3635,66,香菇丸子湯,51,5
3636,66,阿薩姆紅茶,31,3
3637,66,阿薩姆奶茶,41,4
3638,66,豆漿,41,4
3639,66,涼拌小黃瓜,77,7
3640,66,涼拌海帶芽,51,5
3641,66,涼拌木耳,77,7
3642,66,涼拌牛蒡絲,77,7
3643,66,豬耳朵,77,7
3644,66,燙青菜,77,7
3645,66,滷蛋,31,3
3646,66,廚藝套餐C三色蒸餃，涼拌黃瓜，涼拌海根，燙時蔬，香Q滷蛋，飲品,169,16
3647,67,腱子肉飯套餐,140,14
3648,67,香酥雞排飯套餐,170,17
3649,67,三層紅燒肉飯套餐,155,15
3650,67,大骨腿飯套餐,200,20
3651,67,黃金豬排飯套餐,155,15
3652,67,東坡肉飯套餐,155,15
3653,67,黃金魚排飯套餐,170,17
3654,67,正宗池上米飯,30,3
3655,67,香Q魯蛋,30,3
3656,67,鮮炒青菜,45,4
3657,68,綠茶,25,2
3658,68,紅茶,25,2
3659,68,青茶,25,2
3660,68,烏龍茶,25,2
3661,68,烏龍綠,25,2
3662,68,洛神花茶,30,3
3663,68,仙草干茶,25,2
3664,68,決明茶,25,2
3665,68,麥茶,25,2
3666,68,冰淇淋紅茶,45,4
3667,68,百香綠,40,4
3668,68,百香紅,40,4
3669,68,薄荷綠茶,45,4
3670,68,檸檬紅,40,4
3671,68,檸檬綠,40,4
3672,68,梅子綠茶,40,4
3673,68,梅子青茶,40,4
3674,68,芒果青茶,45,4
3675,68,鮮百香青茶,45,4
3676,68,葡萄柚綠茶,45,4
3677,68,冬瓜山粉圓,30,3
3678,68,原味山粉圓,25,2
3679,68,百香山粉圓,35,3
3680,68,檸檬山粉圓,45,4
3681,68,冬瓜茶,25,2
3682,68,海鹽焦糖紅茶,45,4
3683,68,葡萄柚青茶,45,4
3684,68,QQ綠茶,35,3
3685,68,莓果茶,45,4
3686,68,薄荷綠,45,4
3687,68,綠茶多酚,45,4
3688,68,牛奶多酚,55,5
3689,68,檸檬多酚,50,5
3690,68,梅子多酚,45,4
3691,68,百香多酚,55,5
3692,68,奶綠茶,35,3
3693,68,奶茶,35,3
3694,68,鮮奶茶,45,4
3695,68,黑糖鮮奶珍珠,70,7
3696,68,海鹽焦糖鮮奶茶,60,6
3697,68,胚芽奶茶,40,4
3698,68,仙草凍奶茶,40,4
3699,68,椰果奶茶,45,4
3700,68,巧克力奶茶,40,4
3701,68,芋香奶茶,40,4
3702,68,焦糖奶茶,40,4
3703,68,阿華田,45,4
3704,68,QQ奶茶,45,4
3705,68,巧克力布丁,45,4
3706,68,黑糖鮮奶茶,55,5
3707,68,抹茶拿鐵,55,5
3708,68,海鹽焦糖奶茶,50,5
3709,68,巧克力奶茶,40,4
3710,68,椰果奶茶,45,4
3711,68,鮮奶茶,45,4
3712,68,冰淇淋奶茶,55,5
3713,68,布丁奶茶,40,4
3714,68,烏龍鮮奶,45,4
3715,68,薄荷奶茶,50,5
3716,68,瑪奇朵鮮奶茶,70,7
3717,68,奶蓋綠,40,4
3718,68,奶蓋紅,40,4
3719,68,奶蓋綠,40,4
3720,68,卡布奇諾,45,4
3721,68,大杯卡布奇諾,60,6
3722,68,拿鐵咖啡,60,6
3723,68,大杯冰拿鐵咖啡,75,7
3724,68,美式咖啡,50,5
3725,68,熱美式咖啡,40,4
3726,68,漂浮冰咖啡,60,6
3727,68,招牌冰滴,50,5
3728,68,特濃冰滴,50,5
3729,68,曼特寧咖啡,50,5
3730,68,原味冰滴,50,5
3731,68,招牌冰咖啡,40,4
3732,68,大杯招牌冰咖啡,55,5
3733,68,焦糖瑪奇朵,75,7
3734,68,焦糖拿鐵,70,7
3735,68,海鹽焦糖冰咖啡,55,5
3736,68,榛果咖啡,65,6
3737,68,焦糖咖啡,60,6
3738,68,綠豆冰沙,45,4
3739,68,梅子冰沙,40,4
3740,68,多多冰沙,45,4
3741,68,牛奶冰沙,45,4
3742,68,咖啡冰沙,45,4
3743,68,芒果冰沙,45,4
3744,68,烏梅冰沙,40,4
3745,68,葡萄柚冰沙,45,4
3746,68,卡布奇諾冰沙,50,5
3747,68,百香果冰沙,40,4
3748,68,檸檬冰沙,40,4
3749,68,巧克力冰沙+冰淇淋,55,5
3750,68,巧克力+冰淇淋,55,5
3751,68,芒果冰沙+冰淇淋,60,6
3752,68,咖啡冰沙冰淇淋,65,6
3753,68,蔓越莓醋,35,3
3754,68,梅子醋,35,3
3755,68,奶茶熱飲,35,3
3756,68,胚芽奶茶熱飲,40,4
3757,68,熱咖啡熱飲,50,5
3758,68,卡布奇諾熱飲,50,5
3759,68,拿鐵咖啡熱飲,60,6
3760,68,姜母奶茶熱飲,45,4
3761,68,熱桔茶,45,4
3762,68,熱阿華田,45,4
3763,68,熱可可,40,4
3764,68,薑母茶,40,4
3765,68,熱珍珠奶茶,40,4
3766,68,熱水果茶,55,5
3767,68,桂圓紅棗茶,45,4
3768,68,桂圓鮮奶茶,60,6
3769,68,蜜桔汁,45,4
3770,68,檸檬蜜,45,4
3771,68,葡萄柚汁,45,4
3772,68,檸檬山粉圓,45,4
3773,68,鮮百香果汁,40,4
3774,68,鮮百香蘆薈,50,5
3775,68,綠豆沙牛奶,60,6
3776,68,檸檬椰果,50,5
3777,68,檸檬汁,40,4
3778,68,蜂蜜蘆薈,40,4
3779,68,鮮水果茶,55,5
3780,68,葡萄柚多多,55,5
3781,68,檸檬多多,55,5
3782,68,鮮百香多多,60,6
3783,68,綠茶多多,45,4
3784,68,甘庶百香靑,55,5
3785,68,甘蔗汁,60,6
3786,68,甘蔗檸檬,65,6
3787,68,甘蔗鮮奶,65,6
3788,68,甘蔗多酚,65,6
3789,68,甘蔗青茶,45,4
3790,68,甘蔗檸檬,65,6
3791,69,炒麵,51,5
3792,69,肉燥飯,60,5
3793,69,荷包蛋,26,2
3794,69,豬油拌飯,68,6
3795,69,豬血湯,38,3
3796,69,單點排肉,43,4
3797,69,四川涼麵,60,5
3798,69,麻醬涼麵,60,5
3799,69,皮蛋豆腐,51,5
3800,69,腳庫飯,85,8
3801,69,油豆腐,34,3
3802,69,燙青菜,43,4
3803,69,四川板條,64,6
3804,69,手工貢丸湯,38,3
3805,69,蘿蔔湯,34,3
3806,69,豆腐湯,34,3
3807,69,油豆腐湯,34,3
3808,71,超濃起士辛拉麵,188,18
3809,71,豚骨鍋燒【附大杯冬瓜茶】,169,16
3810,71,泰式酸辣鍋燒【附大杯冬瓜茶】,169,16
3811,71,沙茶鍋燒【附大杯冬瓜茶】,166,16
3812,71,北海道牛奶鍋燒【附大杯冬瓜茶】,169,16
3813,71,辛辣鍋燒【附大杯冬瓜茶】,166,16
3814,71,韓國辛拉麵【附大杯冬瓜茶】,176,17
3815,71,超濃起士辛拉麵【附大杯冬瓜茶】,188,18
3816,71,韓式泡菜鍋燒【附大杯冬瓜茶】,179,17
3817,71,泡菜起士鍋【附大杯冬瓜茶】,188,18
3818,71,泡菜炒烏龍【附大杯冬瓜茶】,169,16
3819,71,麻辣鍋燒【附大杯冬瓜茶】,169,16
3820,71,咖哩烏龍麵【附大杯冬瓜茶】,169,16
3821,71,川味麻辣火鍋,210,21
3822,71,奶超濃起士牛奶鍋燒【附大杯冬瓜茶】,189,18
3823,71,香濃牛奶火鍋,220,22
3824,71,川味麻辣火鍋,210,21
3825,71,韓國泡菜火鍋,230,23
3826,71,豚骨濃濃火鍋,230,23
3827,71,香濃咖哩火鍋,230,23
3828,71,阿濃沙茶火鍋,220,22
3829,71,起士牛奶火鍋,250,25
3830,71,冬瓜茶,30,3
3831,72,椒鹽雞蛋豆腐,65,6
3832,72,美國帶骨牛小排飯,385,38
3833,72,主廚秘製滷肉飯,45,4
3834,72,老皮嫩肉,70,7
3835,72,番茄牛三寶湯,240,24
3836,72,番茄牛三寶飯,250,25
3837,72,番茄牛三寶麵,250,25
3838,72,橙汁排骨冬粉飯,200,20
3839,72,橙汁排骨,165,16
3840,72,橙汁排骨冬粉飯套餐,220,22
3841,72,祕醬雞菲力排飯套餐,160,16
3842,72,椒鹽雞菲力排飯套餐,160,16
3843,72,黃金塔塔鱈魚排飯套餐,175,17
3844,72,椒麻雞飯套餐,208,20
3845,72,炸排骨飯套餐,185,18
3846,72,炸雞腿飯套餐,188,18
3847,72,滷排骨飯套餐,185,18
3848,72,玫瑰油雞腿飯套餐,188,18
3849,72,椒鹽雞塊飯套餐,148,14
3850,72,炸紅糟肉飯套餐,160,16
3851,72,焢肉飯套餐,152,15
3852,72,祕醬雞菲力排麵套餐 ,160,16
3853,72,椒鹽雞菲力排麵套餐,160,16
3854,72,黃金塔塔鱈魚排麵套餐,175,17
3855,72,椒麻雞麵套餐,208,20
3856,72,炸排骨麵套餐,185,18
3857,72,炸雞腿麵套餐,188,18
3858,72,滷排骨麵套餐,185,18
3859,72,玫瑰油雞腿麵套餐,188,18
3860,72,椒鹽雞塊麵套餐,148,14
3861,72,炸紅糟肉麵套餐,160,16
3862,72,焢肉麵套餐,152,15
3863,72,兩人分享餐,429,42
3864,72,三人分享餐,629,62
3865,72,祕醬雞菲力排飯,140,14
3866,72,椒鹽雞菲力排飯,140,14
3867,72,黃金塔塔鱈魚排飯,155,15
3868,72,椒麻雞飯,188,18
3869,72,炸排骨飯,165,16
3870,72,炸雞腿飯,168,16
3871,72,滷排骨飯,165,16
3872,72,玫瑰油雞腿飯,168,16
3873,72,椒鹽雞塊飯,128,12
3874,72,炸紅糟肉飯,140,14
3875,72,焢肉飯,132,13
3876,72,祕醬雞菲力排麵,140,14
3877,72,椒鹽雞菲力排麵,140,14
3878,72,黃金塔塔鱈魚排麵,155,15
3879,72,椒麻雞麵,188,18
3880,72,炸排骨麵,165,16
3881,72,炸雞腿麵,168,16
3882,72,滷排骨麵,165,16
3883,72,玫瑰油雞腿麵,168,16
3884,72,椒鹽雞塊麵,128,12
3885,72,炸紅糟肉麵,140,14
3886,72,焢肉麵,132,13
3887,72,祕醬雞菲力排,100,10
3888,72,椒鹽雞菲力排,100,10
3889,72,黃金塔塔鱈魚排,115,11
3890,72,椒麻雞,150,15
3891,72,炸排骨,128,12
3892,72,炸雞腿,138,13
3893,72,滷排骨,128,12
3894,72,玫瑰油雞腿,138,13
3895,72,椒鹽雞塊,90,9
3896,72,炸紅糟肉,98,9
3897,72,香滷焢肉,90,9
3898,72,皮蛋豆腐,60,6
3899,72,古早味燙青菜,50,5
3900,72,黃金炸豆腐,50,5
3901,72,秋葵,45,4
3902,72,黃金泡菜,45,4
3903,72,香滷鴨蛋,30,3
3904,72,香滷豆腐,30,3
3905,72,椒麻炸豆腐,60,6
3906,72,柚香蘿蔔,28,2
3907,72,白飯,25,2
3908,72,椒麻皮蛋豆腐,70,7
3909,72,味噌湯,39,3
3910,72,蘿蔔湯,39,3
3911,72,古早味特調紅茶,30,3
3912,72,蜜香檸檬茶,35,3
3913,73,【經典組合】,149,14
3914,73,【脆雞湯種總匯】如需辣味請備註,140,14
3915,73,【古巴花生讚】,170,17
3916,73,【菲力雞排特餐】,149,14
3917,73,【海陸空三拼特餐】,179,17
3918,73,卡啦脆雞美堡,79,7
3919,73,勁辣脆雞美堡,79,7
3920,73,麥香雞美堡,55,5
3921,73,泰式檸檬雞美堡,68,6
3922,73,城市豬排美堡,77,7
3923,73,菲力雞排美堡,88,8
3924,73,花生牛肉美堡,85,8
3925,73,招牌厚牛美堡,94,9
3926,73,主廚燒肉美堡,85,8
3927,73,鮮嫩鱈魚美堡,85,8
3928,73,珍豬蛋美堡,64,6
3929,73,起司薯餅美堡,64,6
3930,73,厚豬霸美式堡,98,9
3931,73,塔塔蝦排美式堡,89,8
3932,73,快樂兒童餐(附中冰紅),94,9
3933,73,薯餅雞柳拼,85,8
3934,73,肉食派對,115,11
3935,73,城市繽紛樂(附中冰紅),94,9
3936,73,起司燻雞貝果堡,94,9
3937,73,起司煙燻牛肉貝果,123,12
3938,73,起司厚牛貝果堡,106,10
3939,73,麥香雞貝果堡,68,6
3940,73,勁辣脆雞貝果堡,94,9
3941,73,卡拉脆雞貝果堡,94,9
3942,73,花生牛肉貝果堡,98,9
3943,73,城市豬排貝果堡,94,9
3944,73,鮮嫩鱈魚貝果堡,98,9
3945,73,菲力雞排貝果堡,98,9
3946,73,厚豬霸貝果堡,132,13
3947,73,塔塔蝦排貝果堡,102,10
3948,73,招牌厚牛功夫堡,115,11
3949,73,卡啦脆雞功夫堡,94,9
3950,73,勁辣脆雞功夫堡,94,9
3951,73,城市豬排功夫堡,85,8
3952,73,鮮嫩鱈魚功夫堡,98,9
3953,73,菲力雞排功夫堡,98,9
3954,73,主廚燒肉功夫堡,98,9
3955,73,花生牛肉功夫堡,98,9
3956,73,麥香雞功夫堡,64,6
3957,73,厚豬霸功夫堡,119,11
3958,73,塔塔蝦排功夫堡,102,10
3959,73,雙層卡拉功夫堡,136,13
3960,73,薯魚你雙拼功夫堡,115,11
3961,73,雙層厚牛功夫堡,153,15
3962,73,雙層塔塔蝦排功夫堡,153,15
3963,73,主廚燒肉紫Q堡,85,8
3964,73,珍豬煎蛋紫Q堡,64,6
3965,73,招牌厚牛紫Q堡,94,9
3966,73,城市豬排紫Q堡,77,7
3967,73,鮮嫩鱈魚紫Q堡,85,8
3968,73,麥香雞紫Q堡,55,5
3969,73,卡啦脆雞紫Q堡,79,7
3970,73,勁辣脆雞紫Q堡,79,7
3971,73,菲力雞排紫Q堡,88,8
3972,73,花生牛肉紫Q堡,85,8
3973,73,泰式檸檬雞紫Q堡,68,6
3974,73,起司薯餅紫Q堡,64,6
3975,73,厚豬霸紫Q堡,98,9
3976,73,塔塔蝦排紫Q堡,89,8
3977,73,起司煙燻牛紫Q堡,102,10
3978,73,火腿歐姆蛋瑪芬堡,64,6
3979,73,起司珍豬瑪芬堡,60,5
3980,73,起司鮮嫩鱈魚瑪芬堡,81,8
3981,73,起司薯餅瑪芬堡,68,6
3982,73,城市燻雞古巴堡,102,10
3983,73,鮪魚古巴堡,85,8
3984,73,花生乳酪古巴堡,68,6
3985,73,黃金火腿古巴堡,85,8
3986,73,主廚燒肉米堡,89,8
3987,73,泰式檸檬雞米堡,77,7
3988,73,城市豬排米堡,77,7
3989,73,塔塔蝦排米漢堡,94,9
3990,73,菲力雞排米漢堡,94,9
3991,73,起司薯餅蛋吐司,68,6
3992,73,培根蛋吐司,55,5
3993,73,火腿蛋吐司,55,5
3994,73,肉鬆蛋吐司,55,5
3995,73,城市豬排蛋吐司,68,6
3996,73,珍豬煎蛋吐司,60,5
3997,73,鮪魚蛋吐司,60,5
3998,73,城市燻雞蛋吐司,77,7
3999,73,麥香雞蛋吐司,60,5
4000,73,起司香蒜吐司,38,3
4001,73,奶酥吐司,34,3
4002,73,花生吐司,34,3
4003,73,草莓吐司,34,3
4004,73,巧克力吐司,34,3
4005,73,城市燻雞可頌,94,9
4006,73,黃金火腿可頌,77,7
4007,73,菲力雞排可頌,94,9
4008,73,鮪魚沙拉可頌,81,8
4009,73,起司煙燻牛可頌,123,12
4010,73,城市燻雞輕捲餅,85,8
4011,73,泰式檸檬雞輕捲餅,64,6
4012,73,鳳梨起司鮮蔬輕捲餅,64,6
4013,73,起司煙燻牛輕捲餅(微辣),98,9
4014,73,宮保雞丁烏龍,68,6
4015,73,黑胡椒烏龍,60,5
4016,73,蘑菇鐵板烏龍,60,5
4017,73,原味肉燥炒麵,64,6
4018,73,辣味肉燥炒麵,64,6
4019,73,干貝XO醬炒麵,81,8
4020,73,印尼炒麵,68,6
4021,73,鍋燒意麵,94,9
4022,73,鍋燒雞絲麵,94,9
4023,73,鍋燒烏龍麵,94,9
4024,73,羅勒青醬義大利麵,94,9
4025,73,奶油白醬義大利麵,94,9
4026,73,茄汁紅醬義大利麵,89,8
4027,73,熱狗x2,47,4
4028,73,蔥雞香酥餅,51,5
4029,73,蘿蔔糕x2,51,5
4030,73,炸餃x8,51,5
4031,73,蔥抓餅,47,4
4032,73,胖胖狗x3,55,5
4033,73,薯餅起司塔,60,5
4034,73,麥克雞塊x5,55,5
4035,73,薯條,55,5
4036,73,玉米布丁酥x3,47,4
4037,73,檸檬雞柳x2,43,4
4038,73,三角薯餅x4,55,5
4039,73,無骨吮指雞（+大杯紅茶）,89,8
4040,73,玉米濃湯,51,5
4041,73,城市燻雞生菜沙拉,98,9
4042,73,泰式檸檬雞生菜沙拉,94,9
4043,73,鳳梨火腿生菜沙拉,85,8
4044,73,吮指雞生菜沙拉,98,9
4045,73,抹茶牛奶,47,4
4046,73,鮮奶茶,47,4
4047,73,可可亞,43,4
4048,73,可爾必思,34,3
4049,73,柳橙汁,30,2
4050,73,奶茶,30,2
4051,73,紅茶,26,2
4052,73,無糖綠茶（只有冰的喔）,26,2
4053,73,焦糖拿鐵,72,7
4054,73,榛果拿鐵,72,7
4055,73,拿鐵,68,6
4056,73,美式咖啡,47,4
4057,74,炒麵,45,4
4058,74,高麗菜水煎包,30,3
4059,74,冰豆漿,25,2
4060,74,當歸湯,50,5
4061,74,麵線糊,45,4
4062,75,原味鍋燒意麵,111,11
4063,75,原味鍋燒冬粉,111,11
4064,75,原味鍋燒雞絲麵,111,11
4065,75,原味鍋燒王子麵,111,11
4066,75,沙茶鍋燒意麵,115,11
4067,75,沙茶鍋燒冬粉,115,11
4068,75,沙茶鍋燒雞絲麵,115,11
4069,75,沙茶鍋燒王子麵,115,11
4070,75,辛辣鍋燒意麵,123,12
4071,75,辛辣鍋燒冬粉,123,12
4072,75,辛辣鍋燒雞絲麵,123,12
4073,75,辛辣鍋燒王子麵,123,12
4074,75,麻辣鍋燒意麵,123,12
4075,75,麻辣鍋燒冬粉,123,12
4076,75,麻辣鍋燒雞絲麵,123,12
4077,75,麻辣鍋燒王子麵,123,12
4078,75,藥膳鍋燒意麵,128,12
4079,75,藥膳鍋燒冬粉,128,12
4080,75,藥膳鍋燒雞絲麵,128,12
4081,75,藥膳鍋燒王子麵,128,12
4082,75,牛奶鍋燒意麵,128,12
4083,75,牛奶鍋燒冬粉,128,12
4084,75,牛奶鍋燒雞絲麵,128,12
4085,75,牛奶鍋燒王子麵,128,12
4086,77,炒麵,55,5
4087,77,茄汁炒麵,85,8
4088,77,烤肉炒麵,85,8
4089,77,熱狗炒麵,85,8
4090,77,BBQ雞肉炒麵(肉多),90,9
4091,77,雞排炒麵,95,9
4092,77,泡菜燒肉炒麵,65,6
4093,77,原味雞腿炒麵,110,11
4094,77,豬排炒麵,95,9
4095,77,辣味雞腿炒麵,110,11
4096,77,德式燻腸炒麵,105,10
4097,77,青花椒烤肉辣麵,105,10
4098,77,義式燻雞炒麵,105,10
4099,77,佛蒙特嫩雞炒麵,115,11
4100,77,豬肉蛋漢堡,75,7
4101,77,玉米蛋漢堡,60,6
4102,77,牛肉蛋漢堡,85,8
4103,77,肉鬆蛋漢堡,68,6
4104,77,香雞蛋漢堡,85,8
4105,77,烤肉蛋漢堡,85,8
4106,77,日式雞排蛋漢堡,95,9
4107,77,日式豬排蛋漢堡,95,9
4108,77,日式蝦排蛋漢堡,88,8
4109,77,原味雞腿蛋漢堡,100,10
4110,77,日式花枝排蛋漢堡,95,9
4111,77,辣味雞腿蛋漢堡,100,10
4112,77,約克夏厚豬堡,100,10
4113,77,4oz厚牛堡,120,12
4114,77,佛蒙特嫩雞蛋漢堡,105,10
4115,77,肉鬆蛋吐司,58,5
4116,77,煎蛋吐司,45,4
4117,77,起司蛋吐司,58,5
4118,77,玉米蛋吐司,58,5
4119,77,火腿蛋吐司,58,5
4120,77,培根蛋吐司,65,6
4121,77,鮪魚蛋吐司,65,6
4122,77,烤肉蛋吐司,80,8
4123,77,香雞蛋吐司,70,7
4124,77,豬肉蛋吐司,65,6
4125,77,總匯蛋吐司,80,8
4126,77,芥末鮪魚總匯吐司,80,8
4127,77,佛蒙特嫩雞吐司,98,9
4128,77,原味雞腿吐司,98,9
4129,77,辣味雞腿吐司,98,9
4130,77,約克夏厚豬蛋吐司,98,9
4131,77,4oz紐約芝士厚牛吐司,120,12
4132,77,原味蛋餅,40,4
4133,77,肉鬆蛋餅,50,5
4134,77,玉米蛋餅,50,5
4135,77,起司蛋餅,50,5
4136,77,火腿蛋餅,58,5
4137,77,鮪魚蛋餅,65,6
4138,77,培根蛋餅,58,5
4139,77,熱狗蛋餅,58,5
4140,77,烤肉蛋餅,70,7
4141,77,泡菜燒肉蛋餅,85,8
4142,77,佛蒙特蛋餅,95,9
4143,77,燻腸乳酪蛋餅,95,9
4144,77,荷包蛋,22,2
4145,77,水煮蛋,22,2
4146,77,玉米濃湯(小),40,4
4147,77,玉米濃湯(中),50,5
4148,77,熱狗,50,5
4149,77,薯餅(四片),50,5
4150,77,雞塊(四塊),55,5
4151,77,脆薯,55,5
4152,77,鍋貼(五顆),50,5
4153,77,野菜豚炸餃(八顆),65,6
4154,77,玉米布丁酥(四顆),60,6
4155,77,果醬白吐司,32,3
4156,77,果醬厚片,50,5
4157,77,香雞蕃茄捲餅,70,7
4158,77,黃金烤肉捲餅,85,8
4159,77,日式雞排捲餅,95,9
4160,77,海味花枝捲餅,95,9
4161,77,鮮味蝦排捲餅,95,9
4162,77,田園蔬菜捲餅,70,7
4163,77,原味美式雞腿捲餅,105,10
4164,77,辣味美式雞腿捲餅,105,10
4165,77,地瓜蔬菜捲餅,70,7
4166,77,南瓜蔬菜捲餅,70,7
4167,77,泰式雞排捲,105,10
4168,77,泡菜雞排捲,105,10
4169,77,佛蒙特嫩雞捲,105,10
4170,77,阿薩姆紅茶,40,4
4171,77,茉香綠茶,40,4
4172,77,高山青茶,40,4
4173,77,阿薩姆奶茶,50,5
4174,77,茉香奶綠,50,5
4175,77,高山青奶,50,5
4176,77,研磨豆漿,40,4
4177,77,紅茶豆漿,40,4
4178,77,薏仁豆漿,55,5
4179,77,養生薏仁漿,55,5
4180,77,薏仁牛奶,90,9
4181,77,義式咖啡,55,5
4182,77,特調咖啡,70,7
4183,77,拿鐵咖啡,80,8
4184,77,紅茶拿鐵,95,9
4185,77,東方拿鐵,90,9
4186,77,烏龍拿鐵,90,9
4187,77,阿里山拿鐵,90,9
4188,77,玄米拿鐵,90,9
4189,77,四季拿鐵,90,9
4190,77,東方美人,55,5
4191,77,黃金烏龍,55,5
4192,77,阿里山,55,5
4193,77,玄米玉露,55,5
4194,77,四季綠茶,55,5
4195,78,雞排飯,185,18
4196,78,魚排飯,150,15
4197,78,控肉飯,150,15
4198,78,排骨飯,135,13
4199,78,滷排飯,135,13
4200,78,燒肉飯,145,14
4201,78,招牌飯,130,13
4202,78,青菜飯,110,11
4203,78,雞腿飯,190,19
4204,78,柳葉魚飯,145,14
4205,79,炸物拼盤套餐,82,8
4206,79,卡拉漢堡套餐,125,12
4207,79,卡拉總匯套餐,134,13
4208,79,煎蛋吐司,43,4
4209,79,肉鬆蛋吐司,50,5
4210,79,火腿蛋吐司,58,5
4211,79,培根蛋吐司,62,6
4212,79,薯餅蛋吐司,62,6
4213,79,鮪魚蛋吐司,62,6
4214,79,香雞蛋吐司,62,6
4215,79,漢堡肉蛋吐司,62,6
4216,79,豬排蛋吐司,67,6
4217,79,卡拉蛋吐司,82,8
4218,79,草莓,31,3
4219,79,花生,31,3
4220,79,奶酥,31,3
4221,79,奶油,31,3
4222,79,巧克力,31,3
4223,79,招牌蛋堡,67,6
4224,79,起司蛋堡,58,5
4225,79,香雞蛋堡,67,6
4226,79,鮪魚蛋堡,67,6
4227,79,豬排蛋堡,72,7
4228,79,培根起司蛋堡,77,7
4229,79,牛肉起司蛋堡,91,9
4230,79,總匯蛋堡,82,8
4231,79,卡拉雞蛋堡,82,8
4232,79,花生卡拉蛋堡,91,9
4233,79,原味蛋餅,43,4
4234,79,玉米蛋餅,48,4
4235,79,起司蛋餅,48,4
4236,79,火腿蛋餅,53,5
4237,79,肉鬆蛋餅,53,5
4238,79,培根蛋餅,53,5
4239,79,鮪魚蛋餅,53,5
4240,79,薯餅蛋餅,53,5
4241,79,香雞蛋餅,53,5
4242,79,熱狗蛋餅,53,5
4243,79,豬排蛋餅,58,5
4244,79,牛肉蛋餅,62,6
4245,79,總匯蛋餅,62,6
4246,79,招牌總匯,72,7
4247,79,香雞總匯,72,7
4248,79,牛肉總匯,82,8
4249,79,卡拉雞總匯,91,9
4250,79,港式蘿蔔糕,53,5
4251,79,香酥抓餅,58,5
4252,79,美味鍋貼,53,5
4253,79,一口餃,48,4
4254,79,活力早點,53,5
4255,79,荷包蛋,21,2
4256,79,煎肉排,43,4
4257,79,卡拉雞腿排,58,5
4258,79,鐵板熱狗,35,3
4259,79,小雞球,43,4
4260,79,雞塊,48,4
4261,79,薯條,43,4
4262,79,薯餅,53,5
4263,79,雞柳條,53,5
4264,79,鍋燒麵(含蛋),72,7
4265,79,炒泡麵,67,6
4266,79,鐵板麵,67,6
4267,79,義大利肉醬麵,67,6
4268,79,蔥燒牛肉泡麵(含蛋、青菜),67,6
4269,79,肉骨茶泡麵(含蛋、青菜),67,6
4270,79,黑胡椒麵(含蛋、排肉),106,10
4271,79,紅茶,24,2
4272,79,綠茶,29,2
4273,79,豆漿,24,2
4274,79,奶茶,29,2
4275,79,鮮奶茶,48,4
4276,79,招牌咖啡,53,5
4277,79,百香果汁,43,4
4278,79,百香果綠茶,43,4
4279,79,玻璃罐牛奶,38,3
4280,80,手工水餃【韭菜】,63,6
4281,80,手工水餃【高麗菜】,63,6
4282,80,手工餛飩,63,6
4283,80,排骨飯,106,10
4284,80,白飯,10,1
4285,80,肉燥飯,42,4
4286,80,鹹豬肉飯,100,10
4287,80,滷雞腿飯,100,10
4288,80,排骨麵,106,10
4289,80,乾粄條,47,4
4290,80,酸辣乾粄條,47,4
4291,80,乾麵【白麵】,47,4
4292,80,乾麵【黃麵】,47,4
4293,80,乾米粉,47,4
4294,80,湯米粉,53,5
4295,80,切仔麵,53,5
4296,80,陽春麵,53,5
4297,80,湯粄條,53,5
4298,80,麻醬麵,53,5
4299,80,麻辣黃麵,90,8
4300,80,麻辣白麵,90,8
4301,80,麻辣酸粄條,90,8
4302,80,手工餛飩麵,85,8
4303,80,麻辣綜合,79,7
4304,80,麻辣鴨血,84,8
4305,80,麻辣豆腐,84,8
4306,80,手工餛飩湯,79,7
4307,80,貢丸湯,26,2
4308,80,豬血湯,26,2
4309,80,花東小辣椒,264,26
4310,80,剝皮辣椒,280,28
4311,81,食尚小鮮肉7顆,77,7
4312,81,食尚小牛8顆,89,8
4313,81,清蒸肉圓,64,6
4314,81,泰式酸辣涼麵,64,6
4315,81,招牌芝麻涼麵,64,6
4316,81,韓風芝麻雙醬涼麵,72,7
4317,81,綜合蒸餃8顆,89,8
4318,81,港式燒賣7顆,81,8
4319,81,港式蝦餃7顆,72,7
4320,81,餛飩湯麵,94,9
4321,81,精燉肉燥麵【乾】,64,6
4322,81,精燉肉燥麵【湯】,64,6
4323,81,芋頭排骨酥麵,106,10
4324,81,蘿蔔排骨酥麵,106,10
4325,81,冬瓜排骨酥麵,106,10
4326,81,古早味蔥油乾拌麵,60,5
4327,81,香辣小魚乾拌麵,77,7
4328,81,手切滷肉乾拌麵,68,6
4329,81,套餐B排骨酥麵、燙青菜【時蔬】,149,14
4330,81,套餐A湯包、排骨酥湯,152,15
4331,81,套餐C綜合三色蒸餃、小黃瓜、海根、燙時蔬、香Q滷蛋、飲品,170,17
4332,81,手切滷肉飯套餐,140,14
4333,81,手切滷肉麵套餐,140,14
4334,81,高麗菜水餃,94,9
4335,81,韭菜水餃,94,9
4336,81,蔥味水餃,94,9
4337,81,白飯,30,2
4338,81,筒仔米糕,60,5
4339,81,手切滷肉飯,64,6
4340,81,黑胡椒豬柳飯,72,7
4341,81,餛飩湯,77,7
4342,81,蘿蔔排骨酥湯,77,7
4343,81,餛飩湯,77,7
4344,81,冬瓜排骨酥湯,77,7
4345,81,芋頭排骨酥湯,77,7
4346,81,香菇貢丸湯,47,4
4347,81,香菇雞湯,68,6
4348,81,香Q滷蛋,26,2
4349,81,涼拌小黃瓜,55,5
4350,81,涼拌海根,47,4
4351,81,涼拌木耳,55,5
4352,81,涼拌牛蒡絲,55,5
4353,81,燙青菜,55,5
4354,81,豬耳朵豬頭皮,55,5
4355,81,紅茶,30,2
4356,81,奶茶,34,3
4357,81,豆漿,34,3
4358,82,玉米濃湯,45,4
4359,82,鮪魚青醬義大利麵套餐,170,17
4360,82,起司蛋餅套餐,95,9
4361,82,特調鮪魚蛋餅套餐,100,10
4362,82,巨林大火腿蛋餅套餐,100,10
4363,82,滑蛋蘿蔔糕,55,5
4364,82,黃金煎餃(六入),50,5
4365,82,茄汁義大利麵套餐,150,15
4366,82,手拍豬肉蛋餅,110,11
4367,82,美式牛肉蛋餅,110,11
4368,82,巨林培根蛋餅,110,11
4369,82,烤肉蛋餅,110,11
4370,82,薯餅蛋餅,110,11
4371,82,手拍豬肉蛋堡餐,135,13
4372,82,美式花生牛肉蛋堡餐,140,14
4373,82,特調鮪魚蛋堡餐,120,12
4374,82,巨林培根蛋堡餐,135,13
4375,82,烤肉蛋堡餐,125,12
4376,82,香酥脆原味雞腿蛋堡餐,150,15
4377,82,香酥脆辣味雞腿蛋堡餐,150,15
4378,82,蜂蜜芥末炸腿堡餐,130,13
4379,82,巨林大火腿蛋吐司套餐,105,10
4380,82,手拍豬肉蛋吐司套餐,115,11
4381,82,美式花生牛肉蛋吐司套餐,125,12
4382,82,特調鮪魚蛋吐司套餐,110,11
4383,82,巨林培根蛋吐司套餐,115,11
4384,82,烤肉蛋吐司套餐,115,11
4385,82,好事花生肉鬆蛋吐司套餐,110,11
4386,82,纖盈玫瑰茶(熱飲),40,4
4387,82,漢方能量茶(熱飲),70,7
4388,82,巨林紅茶,30,3
4389,82,巨林奶茶,35,3
4390,82,研磨特調咖啡,45,4
4391,82,巧克力歐蕾,45,4
4392,82,抹茶拿鐵,45,4
4393,82,研磨黑咖啡,45,4
4394,82,高山烏龍清茶【無糖】,30,3
4395,82,武界烏龍貴妃紅茶【無糖】,30,3
4396,82,紅茶拿鐵,45,4
4397,82,咖啡拿鐵,55,5
4398,82,牛肉總匯吐司,95,9
4399,82,雞塊總匯吐司,95,9
4400,82,鮪魚總匯吐司,85,8
4401,82,豬肉總匯吐司,85,8
4402,82,派對分享餐,240,24
4403,83,魷魚羹🦑米粉,90,9
4404,83,魷魚羹🦑飯,90,9
4405,83,魷魚羹🦑冬粉,90,9
4406,83,魷魚羹🦑麵,90,9
4407,83,大腸滷肉飯,70,7
4408,83,肉羹冬粉,85,8
4409,83,肉羹米粉,85,8
4410,83,肉羹湯,85,8
4411,83,肉羹麵,85,8
4412,83,肉羹飯,85,8
4413,83,肉羹麵線,85,8
4414,83,綜合麵線,85,8
4415,83,蚵仔麵線,85,8
4416,83,大腸麵線,85,8
4417,83,清麵線,55,5
4418,83,滷肉飯,55,5
4419,83,肉羹麵線+飲料（350ml)隨機一瓶,101,10
4420,83,大腸麵線+飲料（350ml)隨機一瓶,101,10
4421,83,鮮蚵麵線+飲料（350ml)隨機,101,10
4422,83,肉羹麵+飲料（350ml)隨機一瓶,111,11
4423,83,魷魚羹麵+飲料(350ml)隨機一瓶,111,11
4424,84,招牌鍋貼,93,9
4425,84,韭菜鍋貼,93,9
4426,84,韓式辣味鍋貼【辣】,93,9
4427,84,玉米鍋貼,93,9
4428,84,咖哩鍋貼,93,9
4429,84,新蔬食鍋貼,100,10
4430,84,招牌水餃,93,9
4431,84,韭菜水餃,93,9
4432,84,韓式辣味水餃【辣】,93,9
4433,84,玉米水餃,93,9
4434,84,咖哩水餃,93,9
4435,84,新蔬食水餃,100,10
4436,84,鮮蝦水餃,112,11
4437,84,酸辣湯餃,120,12
4438,84,玉米湯餃,120,12
4439,84,酸辣湯,50,5
4440,84,玉米濃湯,50,5
4441,84,原塊花枝魚丸湯,55,5
4442,84,白豆漿,27,2
4443,84,黑豆漿,27,2
4444,84,真傳特調紅茶,27,2
4445,84,黃金泡菜【微辣】,40,4
4446,84,豬頭皮,48,4
4447,84,韭菜生鮮水餃,165,16
4448,84,招牌生鮮水餃,165,16
4449,84,新蔬食生鮮水餃,180,18
4450,84,辣味生鮮水餃【辣】,165,16
4451,84,玉米生鮮水餃,165,16
4452,84,咖哩生鮮水餃,165,16
4453,84,鮮蝦生鮮水餃,260,26
4454,84,袋裝白豆漿,100,10
4455,84,袋裝真傳特調紅茶,133,13
4456,84,袋裝黑豆漿,110,11
4457,86,皮瘦・魚,113,11
4458,86,康媽斗粥,138,13
4459,86,印度咖哩雞粥,148,14
4460,86,紅妍釀 瓶裝 Fungus Drink 230g Bottle,130,13
4461,86,魚霸【獨家餐點】,138,13
4462,86,粥霸,133,13
4463,86,大哥大【獨家餐點】,133,13
4464,86,纖多菜【獨家餐點】,123,12
4465,86,宿霧菜粥【獨家餐點】,128,12
4466,86,松露菇多【獨家餐點】,118,11
4467,86,碧綠絲瓜,123,12
4468,86,綠藻香雞【獨家餐點】,128,12
4469,86,大片子牛肉粥【獨家餐點】,123,12
4470,86,廣皮【獨家餐點】,128,12
4471,86,皮瘦．豬,118,11
4472,86,皮瘦・牛,118,11
4473,86,布拉魚【獨家餐點】,118,11
4474,86,早藻鈣【獨家餐點】,105,10
4475,86,寶寶藻【獨家餐點】,108,10
4476,86,大發仔粥,288,28
4477,86,小發仔粥,188,18
4478,86,魚多粥,140,14
4479,87,筒仔米糕【小】,64,6
4480,87,筒仔米糕【大】,111,11
4481,87,魯肉飯【小】,64,6
4482,87,魯肉飯【大】,111,11
4483,87,炸醬飯【小】,68,6
4484,87,炸醬飯【大】,119,11
4485,87,豬腳飯,136,13
4486,87,單點豬腳,81,8
4487,87,豬腳麵,136,13
4488,87,餛飩麵【小】,77,7
4489,87,餛飩麵【大】,140,14
4490,87,蛋花湯麵【小】,68,6
4491,87,蛋花湯麵【大】,128,12
4492,87,雞絲麵【小】,64,6
4493,87,雞絲麵【大】,115,11
4494,87,麻醬乾麵【小】,77,7
4495,87,麻醬乾麵【大】,140,14
4496,87,魯肉乾麵【小】,64,6
4497,87,魯肉乾麵【大】,115,11
4498,87,南投意麵【小】,64,6
4499,87,南投意麵【大】,115,11
4500,87,新竹米粉【小】,64,6
4501,87,新竹米粉【大】,115,11
4502,87,陽春麵【小】,64,6
4503,87,陽春麵【大】,115,11
4504,87,黃麵【小】,64,6
4505,87,黃麵【大】,115,11
4506,87,粄條【小】,64,6
4507,87,粄條【大】,115,11
4508,87,五香豆干,38,3
4509,87,油豆腐,38,3
4510,87,三層肉,72,7
4511,87,豬頭皮,51,5
4512,87,大腸,72,7
4513,87,豬舌,60,5
4514,87,豬肝連,72,7
4515,87,筍干,60,5
4516,87,魯蛋【不切】,17,1
4517,87,蒜味魷魚,64,6
4518,87,芥末魷魚,64,6
4519,87,乾餛飩,85,8
4520,87,酥皮雞捲,72,7
4521,87,椒鹽四季豆,72,7
4522,87,鹽酥溪蝦,136,13
4523,87,黃金隕石,145,14
4524,87,豆芽加韭菜,30,2
4525,87,燙青菜（時蔬）,55,5
4526,87,柴魚韭菜,47,4
4527,87,燙四季豆,72,7
4528,87,苦瓜排骨湯,55,5
4529,87,金針排骨湯,55,5
4530,87,豬肝連湯,55,5
4531,87,餛飩湯,55,5
4532,87,蘿蔔湯,30,2
4533,87,青菜湯,30,2
4534,87,油豆腐湯,30,2
4535,87,豬血湯,30,2
4536,87,貢丸湯,30,2
4537,87,蛋花湯,30,2
4538,87,海帶芽,43,4
4539,87,涼拌小黃瓜,55,5
4540,87,涼拌牛蒡絲,55,5
4541,87,鹹蛤,55,5
4542,87,花生,60,5
4543,87,涼拌木耳,55,5
4544,88,小玉西瓜茉莉,85,8
4545,88,小玉西瓜冰米露,100,10
4546,88,黑糖珍珠鮮奶,75,7
4547,88,黑糖仙草鮮奶,70,7
4548,88,黑糖珍珠厚鮮奶,80,8
4549,88,黑糖綿芋鮮奶,80,8
4550,88,黑糖鮮奶,70,7
4551,88,黑糖粉粿鮮奶,80,8
4552,88,手熬黑糖檸檬,65,6
4553,88,手熬黑糖冬瓜茶,55,5
4554,88,手熬黑糖冬瓜不知春,55,5
4555,88,黑糖檸檬冬瓜,60,6
4556,88,黑糖布蕾珍珠鮮奶,90,9
4557,88,蜜夏紅,55,5
4558,88,不知春,55,5
4559,88,雲霧烏龍,55,5
4560,88,復刻紅茶,50,5
4561,88,木梨茉莉,50,5
4562,88,山茶花採蜜 青茶,75,7
4563,88,一包蕎麥復刻,70,7
4564,88,一包蕎麥冬瓜,70,7
4565,88,焙香蕎麥,65,6
4566,88,煮母奶茶,55,5
4567,88,珍珠奶茶,60,6
4568,88,泰泰鮮奶茶,70,7
4569,88,姍姍紅茶拿鐵,65,6
4570,88,琥珀烏龍拿鐵,65,6
4571,88,十份芋芋鮮奶,85,8
4572,88,芋珍雙Q奶茶,70,7
4573,88,波波粿粿鮮奶茶,80,8
4574,88,布蕾紅茶拿鐵,90,9
4575,88,手採烏龍奶,55,5
4576,88,茉白奶綠,55,5
4577,88,百香翡翠茉莉,75,7
4578,88,百香翡翠不知春,75,7
4579,88,蜂蜜檸檬菊花茶,65,6
4580,88,蜂蜜菊花茶,60,6
4581,88,百香雙響,80,8
4582,88,青檸桂花釀粿粿,85,8
4583,88,多多綠,70,7
4584,88,山茶花採蜜 檸檬桂花,85,8
4585,88,熟梅冰茶,70,7
4586,88,水蜜桃烏龍(含果核),90,9
4587,89,熱狗蛋堡,55,5
4588,89,豬肉蛋堡,60,6
4589,89,香雞蛋堡,60,6
4590,89,燻雞蛋堡,65,6
4591,89,豬排蛋堡,70,7
4592,89,厚燒豬排蛋堡,70,7
4593,89,原味卡啦雞腿堡,80,8
4594,89,辣味卡啦雞腿堡,80,8
4595,89,牛肉起司堡,80,8
4596,89,起司蛋吐司,50,5
4597,89,火腿蛋吐司,50,5
4598,89,培根蛋吐司,55,5
4599,89,香雞蛋吐司,60,6
4600,89,豬排蛋吐司,65,6
4601,89,厚燒豬排蛋吐司,65,6
4602,89,雞柳蛋吐司,65,6
4603,89,原味卡啦雞腿蛋吐司,75,7
4604,89,辣味卡啦雞腿蛋吐司,75,7
4605,89,牛肉蛋吐司,75,7
4606,89,花生薄片,25,2
4607,89,巧克力薄片,25,2
4608,89,草莓薄片,25,2
4609,89,奶油薄片,25,2
4610,89,奶酥薄片,25,2
4611,89,香蒜薄片,30,3
4612,89,花生厚片,45,4
4613,89,巧克力厚片,45,4
4614,89,草莓厚片,45,4
4615,89,奶油厚片,45,4
4616,89,奶酥厚片,45,4
4617,89,香蒜厚片,45,4
4618,89,黑胡椒麵,60,6
4619,89,蘑菇麵,60,6
4620,89,原味蛋餅,35,3
4621,89,蔬菜蛋餅,50,5
4622,89,起司蛋餅,50,5
4623,89,玉米蛋餅,50,5
4624,89,火腿蛋餅,50,5
4625,89,培根蛋餅,50,5
4626,89,鮪魚蛋餅,55,5
4627,89,香雞蛋餅,55,5
4628,89,熱狗蛋餅,55,5
4629,89,薯餅蛋餅,55,5
4630,89,蔥抓餅,50,5
4631,89,蘿蔔糕,50,5
4632,89,一口餃,45,4
4633,89,小肉豆,40,4
4634,89,荷包蛋,15,1
4635,89,熱狗,40,4
4636,89,雞米花,50,5
4637,89,雞酥棒,35,3
4638,89,雞柳條,50,5
4639,89,薯條,40,4
4640,89,小雞塊,50,5
4641,89,微笑薯餅,45,4
4642,89,德式香腸,45,4
4643,89,兒童套餐,80,8
4644,89,抓餅套餐,80,8
4645,89,總匯套餐,80,8
4646,89,中式套餐,90,9
4647,89,鐵板麵套餐,90,9
4648,89,法式套餐,90,9
4649,89,紅茶,25,2
4650,89,奶茶,30,3
4651,89,豆漿,30,3
4652,89,燕麥薏仁,35,3
4653,89,南瓜豆漿,40,4
4654,89,阿華田,40,4
4655,89,鮮奶茶,45,4
4656,89,純鮮奶,50,5
4657,90,招牌里肌起司蛋,85,8
4658,90,花醬里肌起司蛋,89,8
4659,90,泡菜里肌起司蛋,94,9
4660,90,招牌里肌肉吐司,55,5
4661,90,花醬里肌肉吐司,55,5
4662,90,泡菜里肌肉吐司,60,5
4663,90,海苔肉鬆起司蛋,68,6
4664,90,香煎火腿起司蛋,68,6
4665,90,煙燻培根起司蛋,68,6
4666,90,鐵板熱狗起司蛋,68,6
4667,90,鹽香鮪魚起司蛋,68,6
4668,90,花醬海苔肉鬆起司蛋,68,6
4669,90,花醬香煎火腿起司蛋,68,6
4670,90,花醬煙燻培根起司蛋,68,6
4671,90,海陸雙享起司蛋,98,9
4672,90,麥克雞塊起司蛋,98,9
4673,90,四角薯餅起司蛋,98,9
4674,90,泰式麥克雞塊起司蛋,98,9
4675,90,泰式四角薯餅起司蛋,98,9
4676,90,原味咔啦雞腿起司蛋,106,10
4677,90,花醬咔啦雞腿起司蛋,106,10
4678,90,泰式咔啦雞腿起司蛋,106,10
4679,90,總匯三享起司蛋,111,11
4680,90,花醬總匯三享起司蛋,111,11
4681,90,泰式總匯三享起司蛋,111,11
4682,90,原味起司蛋,47,4
4683,90,花醬起司蛋,47,4
4684,90,草莓起司蛋,47,4
4685,90,可可起司蛋,47,4
4686,90,金沙起司蛋,47,4
4687,90,雙醬起司蛋【花醬草莓】,47,4
4688,90,金沙雙醬蛋【金沙草莓】,47,4
4689,90,玉米起司蛋,55,5
4690,90,泡菜起司蛋,55,5
4691,90,鮮蔬起司蛋,60,5
4692,90,花醬吐司,38,3
4693,90,草莓吐司,38,3
4694,90,可可吐司,38,3
4695,90,金沙吐司,38,3
4696,90,雙醬吐司【花醬草莓】,38,3
4697,90,金沙雙醬【金沙草莓】,38,3
4698,90,招牌里肌起司蛋漢堡,94,9
4699,90,花醬里肌起司蛋漢堡,98,9
4700,90,泡菜里肌起司蛋漢堡,102,10
4701,90,招牌里肌肉漢堡,64,6
4702,90,花醬里肌肉漢堡,64,6
4703,90,泡菜里肌肉漢堡,68,6
4704,90,海苔肉鬆起司蛋漢堡,77,7
4705,90,香煎火腿起司蛋漢堡,77,7
4706,90,煙燻培根起司蛋漢堡,77,7
4707,90,鹽香鮪魚起司蛋漢堡,77,7
4708,90,花醬海苔肉鬆起司蛋漢堡,77,7
4709,90,花醬香煎火腿起司蛋漢堡,77,7
4710,90,花醬煙燻培根起司蛋漢堡,77,7
4711,90,鐵板熱狗起司蛋漢堡,77,7
4712,90,海陸雙享起司蛋漢堡,106,10
4713,90,麥克雞塊起司蛋漢堡,106,10
4714,90,四角薯餅起司蛋漢堡,106,10
4715,90,泰式麥克雞塊起司蛋漢堡,106,10
4716,90,泰式四角薯餅起司蛋漢堡,106,10
4717,90,原味咔啦雞腿起司蛋漢堡,115,11
4718,90,花醬咔啦雞腿起司蛋漢堡,115,11
4719,90,泰式咔啦雞腿起司蛋漢堡,115,11
4720,90,總匯三享起司蛋漢堡,119,11
4721,90,花醬總匯三享起司蛋漢堡,119,11
4722,90,泰式總匯三享起司蛋漢堡,119,11
4723,90,原味起司蛋漢堡,55,5
4724,90,花醬起司蛋漢堡,55,5
4725,90,草莓起司蛋漢堡,55,5
4726,90,可可起司蛋漢堡,55,5
4727,90,金沙起司蛋漢堡,55,5
4728,90,雙醬起司蛋漢堡【花醬草莓】,55,5
4729,90,金沙雙醬蛋漢堡【金沙草莓】,55,5
4730,90,玉米起司蛋漢堡,64,6
4731,90,泡菜起司蛋漢堡,64,6
4732,90,鮮蔬起司蛋漢堡,68,6
4733,90,招牌里肌起司蛋套餐,149,14
4734,90,花醬里肌起司蛋套餐,153,15
4735,90,泡菜里肌起司蛋套餐,157,15
4736,90,招牌里肌肉吐司套餐,119,11
4737,90,花醬里肌肉吐司套餐,119,11
4738,90,泡菜里肌肉吐司套餐,123,12
4739,90,海苔肉鬆起司蛋套餐,132,13
4740,90,香煎火腿起司蛋套餐,132,13
4741,90,煙燻培根起司蛋套餐,132,13
4742,90,鐵板熱狗起司蛋套餐,132,13
4743,90,鹽香鮪魚起司蛋套餐,132,13
4744,90,花醬海苔肉鬆起司蛋套餐,132,13
4745,90,花醬香煎火腿起司蛋套餐,132,13
4746,90,花醬煙燻培根起司蛋套餐,132,13
4747,90,海陸雙享起司蛋套餐,162,16
4748,90,麥克雞塊起司蛋套餐,162,16
4749,90,四角薯餅起司蛋套餐,162,16
4750,90,泰式麥克雞塊起司蛋套餐,162,16
4751,90,泰式四角薯餅起司蛋套餐,162,16
4752,90,原味咔啦雞腿起司蛋套餐,170,17
4753,90,花醬咔啦雞腿起司蛋套餐,170,17
4754,90,泰式咔啦雞腿起司蛋套餐,170,17
4755,90,總匯三享起司蛋套餐,174,17
4756,90,泰式總匯三享起司蛋套餐,174,17
4757,90,花醬總匯三享起司蛋套餐,174,17
4758,90,原味里肌起司蛋漢堡套餐,157,15
4759,90,花醬里肌起司蛋漢堡套餐,162,16
4760,90,泡菜里肌起司蛋漢堡套餐,166,16
4761,90,海苔肉鬆起司蛋漢堡套餐,140,14
4762,90,香煎火腿起司蛋漢堡套餐,140,14
4763,90,煙燻培根起司蛋漢堡套餐,140,14
4764,90,鐵板熱狗起司蛋漢堡套餐,140,14
4765,90,鹽香鮪魚起司蛋漢堡套餐,140,14
4766,90,花醬海苔肉鬆起司蛋漢堡套餐,140,14
4767,90,花醬香煎火腿起司蛋漢堡套餐,140,14
4768,90,花醬煙燻培根起司蛋漢堡套餐,140,14
4769,90,花醬里肌肉漢堡套餐,128,12
4770,90,招牌里肌肉漢堡套餐,128,12
4771,90,泡菜里肌肉漢堡套餐,132,13
4772,90,海陸雙享起司蛋漢堡套餐,170,17
4773,90,麥克雞塊起司蛋漢堡套餐,170,17
4774,90,四角薯餅起司蛋漢堡套餐,170,17
4775,90,泰式麥克雞塊起司蛋漢堡套餐,170,17
4776,90,泰式四角薯餅起司蛋漢堡套餐,170,17
4777,90,原味咔啦雞腿起司蛋漢堡套餐,179,17
4778,90,花醬咔啦雞腿起司蛋漢堡套餐,179,17
4779,90,泰式咔啦雞腿起司蛋漢堡套餐,179,17
4780,90,總匯三享起司蛋漢堡套餐,183,18
4781,90,花醬總匯三享起司蛋漢堡套餐,183,18
4782,90,泰式總匯三享起司蛋漢堡套餐,183,18
4783,90,原味蛋餅,38,3
4784,90,火腿蛋餅,47,4
4785,90,肉鬆蛋餅,47,4
4786,90,玉米蛋餅,47,4
4787,90,起士蛋餅,47,4
4788,90,培根蛋餅,47,4
4789,90,熱狗蛋餅,51,5
4790,90,鮪魚蛋餅,51,5
4791,90,薯餅蛋餅,51,5
4792,90,乳酪絲蛋餅,51,5
4793,90,韓式泡菜蛋餅,51,5
4794,90,嫩煎里肌蛋餅,60,5
4795,90,麥克雞塊蛋餅,60,5
4796,90,炸蘿蔔糕蛋餅,60,5
4797,90,泰式麥克雞塊蛋餅,60,5
4798,90,泰式炸蘿蔔糕蛋餅,60,5
4799,90,四角薯餅塔蛋,55,5
4800,90,鐵板熱狗塔蛋,55,5
4801,90,炸蘿蔔糕塔蛋,55,5
4802,90,麥克雞塊塔蛋,64,6
4803,90,嫩煎里肌炒蘑菇鐵板麵,94,9
4804,90,嫩煎里肌炒黑胡椒鐵板麵,94,9
4805,90,嫩煎里肌炒蘑菇鐵板麵,157,15
4806,90,嫩煎里肌炒黑胡椒鐵板麵,157,15
4807,90,美式脆薯,47,4
4808,90,四角薯餅【2塊】,47,4
4809,90,麥克雞塊【5塊】,47,4
4810,90,鐵板熱狗【5條】,47,4
4811,90,炸蘿蔔糕【12小塊】,47,4
4812,90,黃金炸餃【10個】,55,5
4813,90,酥炸杏鮑菇【秤重】,55,5
4814,90,酥炸咔啦雞【腿排】,55,5
4815,90,晨食紅茶【微糖去冰500c.c】,30,2
4816,90,晨食綠茶【微糖微冰500c.c】,30,2
4817,90,柳橙果汁【微糖微冰500c.c】,34,3
4818,90,百香果汁【微糖微冰500c.c】,34,3
4819,90,柳橙綠茶【微糖微冰500c.c】,34,3
4820,90,百香綠茶【微糖微冰500c.c】,34,3
4821,90,非基改有糖豆漿【微糖去冰500c.c】,34,3
4822,90,非基改無糖豆漿【無糖去冰500c.c】,34,3
4823,90,厚鮮奶茶【微糖去冰500c.c】,47,4
4824,90,厚鮮奶綠【微糖微冰500c.c】,47,4
4825,90,美式無糖【無糖微冰500c.c】,60,5
4826,90,拿鐵無糖【無糖微冰500c.c】,60,5
4827,90,榛果拿鐵【微糖微冰500c.c】,60,5
4828,90,榛果鮮奶茶【微糖微冰500c.c】,60,5
4829,92,蜜桃凍紅茶,75,7
4830,92,優多綠茶,55,5
4831,92,烏龍綠茶,35,3
4832,92,鮮奶茶【紅茶拿鐵】,75,7
4833,92,珍珠奶茶,65,6
4834,92,冬瓜檸檬,65,6
4835,92,烏龍綠茶,35,3
4836,92,特級綠茶,35,3
4837,92,錫蘭紅茶,35,3
4838,92,極品菁茶,35,3
4839,92,@綠+紅,35,3
4840,92,優多綠茶,55,5
4841,92,優多檸檬,75,7
4842,92,優多百香果綠茶,70,7
4843,92,紅心芭樂優多,80,8
4844,92,冬瓜茶,40,4
4845,92,冬瓜菁茶,50,5
4846,92,冬瓜檸檬,65,6
4847,92,百香果綠茶,65,6
4848,92,珍珠奶茶,65,6
4849,92,錫蘭奶紅,65,6
4850,92,烏龍奶茶,65,6
4851,92,特級奶綠,65,6
4852,92,仙草凍奶茶,65,6
4853,92,椰果奶茶,65,6
4854,92,咖啡凍奶茶,65,6
4855,92,蜂蜜奶茶,75,7
4856,92,芝麻奶茶,75,7
4857,92,茶凍奶綠,65,6
4858,92,琥珀黑糖奶茶,70,7
4859,92,相思紅豆奶茶,75,7
4860,92,鮮奶茶【紅茶拿鐵】,75,7
4861,92,珍珠鮮奶茶【珍珠紅茶拿鐵】,75,7
4862,92,頂級可可拿鐵,90,9
4863,92,鮮奶冬瓜,75,7
4864,92,珍珠芝麻拿鐵【珍珠芝麻紅茶拿鐵】,80,8
4865,92,茉綠茶凍拿鐵,80,8
4866,92,雙凍拿鐵,85,8
4867,92,珍珠琥珀黑糖鮮奶,85,8
4868,92,相思紅豆鮮奶茶,85,8
4869,92,梅子綠茶,50,5
4870,92,蜂蜜烏龍,65,6
4871,92,頂級可可,70,7
4872,92,濃情巧克力,55,5
4873,92,蜜茶,45,4
4874,92,情人茶,65,6
4875,92,荔枝紅茶,70,7
4876,92,蜂蜜檸檬,75,7
4877,92,金桔檸檬,70,7
4878,92,檸檬綠茶,65,6
4879,92,檸檬汁,65,6
4880,92,桔茶,70,7
4881,92,蜜桃凍紅茶,75,7
4882,92,紅心芭樂檸檬,80,8
4883,92,柳橙綠,75,7
4884,92,蘋果醋,65,6
4885,92,蘋果醋紅茶,70,7
4886,92,藍莓醋,70,7
4887,92,蜂蜜藍莓醋,80,8
4888,92,蜂蜜蘋果醋,75,7
4889,92,荔枝蘋果醋,85,8
4890,92,桂圓茶,55,5
4891,92,桂圓鮮奶茶,85,8
4892,92,薑薑好茶,55,5
4893,92,薑薑奶茶,75,7
4894,92,白韻杏仁奶,75,7
4895,92,白韻杏仁頂級可可,90,9
4896,92,冰淇淋紅茶,65,6
4897,92,冰淇淋奶茶,80,8
4898,94,里肌豬肉蛋堡,65,6
4899,94,培根蛋堡,55,5
4900,94,總匯蛋堡,70,7
4901,94,牛肉蛋堡,80,8
4902,94,薯餅蛋堡,60,6
4903,94,鮪魚蛋堡,55,5
4904,94,燻雞蛋堡,55,5
4905,94,火腿蛋堡,55,5
4906,94,薯泥蛋堡,60,6
4907,94,咔拉雞腿蛋堡,75,7
4908,94,藍帶起司雞排蛋堡,75,7
4909,94,燻雞蛋口袋餅,65,6
4910,94,培根蛋口袋餅,65,6
4911,94,總匯蛋口袋餅,75,7
4912,94,牛肉蛋口袋餅,80,8
4913,94,鮪魚蛋口袋餅,65,6
4914,94,火腿蛋口袋餅,65,6
4915,94,薯泥蛋口袋餅,70,7
4916,94,肉鬆蛋口袋餅,65,6
4917,94,里肌豬肉蛋口袋餅,70,7
4918,94,藍帶起司雞排蛋口袋,85,8
4919,94,里肌豬肉蛋吐司,65,6
4920,94,培根蛋吐司,55,5
4921,94,肉鬆蛋吐司,55,5
4922,94,鮪魚蛋吐司,55,5
4923,94,牛肉蛋吐司,80,8
4924,94,火腿蛋吐司,55,5
4925,94,燻雞蛋吐司,55,5
4926,94,咔拉雞腿蛋吐司,80,8
4927,94,薯餅蛋吐司,60,6
4928,94,總匯蛋吐司,70,7
4929,94,藍帶起司雞排蛋吐司,75,7
4930,94,巧克力吐司,25,2
4931,94,花生吐司,25,2
4932,94,奶油吐司,25,2
4933,94,草莓吐司,25,2
4934,94,抹茶吐司,25,2
4935,94,香蒜吐司,25,2
4936,94,奶酥吐司,25,2
4937,94,丹麥燒吐司,50,5
4938,94,花生顆粒吐司,30,3
4939,94,巧脆黑酷力,30,3
4940,94,巧克力厚片,35,3
4941,94,花生厚片,35,3
4942,94,奶油厚片,35,3
4943,94,草莓厚片,35,3
4944,94,抹茶厚片,35,3
4945,94,香蒜厚片,35,3
4946,94,奶酥厚片,35,3
4947,94,鮪魚厚片,50,5
4948,94,花生顆粒厚片,40,4
4949,94,巧脆黑酷力厚片,40,4
4950,94,原味蛋餅,35,3
4951,94,玉米蛋餅,40,4
4952,94,肉鬆蛋餅,45,4
4953,94,里肌蛋餅,50,5
4954,94,起司蛋餅,45,4
4955,94,熱狗蛋餅,45,4
4956,94,火腿蛋餅,45,4
4957,94,薯餅蛋餅,50,5
4958,94,培根蛋餅,45,4
4959,94,薯泥蛋餅,50,5
4960,94,燻雞蛋餅,45,4
4961,94,鮪魚蛋餅,50,5
4962,94,德式香腸蛋餅,45,4
4963,94,花生培根起司蛋餅,60,6
4964,94,牛肉蛋餅,70,7
4965,94,卡拉蛋餅,70,7
4966,94,港式蘿蔔糕,45,4
4967,94,脆薯,45,4
4968,94,四角薯餅,45,4
4969,94,荷包蛋,20,2
4970,94,雞塊,45,4
4971,94,熱狗,35,3
4972,94,蔥抓餅,45,4
4973,94,小肉豆,35,3
4974,94,德式香腸,30,3
4975,94,黑胡椒鐵板麵,70,7
4976,94,蘑菇鐵板麵,70,7
4977,94,豆漿,30,3
4978,94,紅茶,30,3
4979,94,綠茶,30,3
4980,94,紅茶豆漿,40,4
4981,94,特調奶茶,45,4
4982,94,鮮奶綠,50,5
4983,94,可可歐蕾,55,5
4984,94,鮮奶茶,50,5
4985,94,特調奶茶,45,4
4986,95,特濃綠茶牛奶,77,7
4987,95,金萱綠茶,34,3
4988,95,冬瓜綠茶,34,3
4989,95,檸檬綠茶,43,4
4990,95,鳳梨綠茶,55,5
4991,95,梅子綠茶,55,5
4992,95,多多綠茶,55,5
4993,95,綠茶牛奶,55,5
4994,95,金萱水果茶,64,6
4995,95,麻豆柚子綠,64,6
4996,95,斑斕Q粿奶,68,6
4997,95,荔枝紅茶,47,4
4998,95,荔枝烏龍山茶花凍,68,6
4999,95,荔枝金萱,47,4
5000,95,荔枝烏龍,47,4
5001,95,雲霧青檸茶,60,5
5002,95,檸檬多多,55,5
5003,95,雲霧冬瓜青,47,4
5004,95,酸梅綠茶,60,5
5005,95,酸梅甘酸甜,60,5
5006,95,冬檸酸梅,60,5
5007,95,酸梅烏龍,64,6
5008,95,酸梅冰,60,5
5009,95,鳳梨酸梅冰茶,64,6
5010,95,吳家仙草蜜,47,4
5011,95,冬紅奶茶,55,5
5012,95,黑糖粉粿奶茶,68,6
5013,95,鴛鴦奶茶,68,6
5014,95,吳家紅茶,34,3
5015,95,檸檬紅茶,43,4
5016,95,豆漿紅茶,43,4
5017,95,鳳梨紅茶,55,5
5018,95,紅茶牛奶,55,5
5019,95,冰淇淋紅茶,55,5
5020,95,仙草凍奶茶,64,6
5021,95,寒天晶球奶茶,64,6
5022,95,特濃紅茶牛奶,68,6
5023,95,烏龍綠茶,43,4
5024,95,特濃烏龍牛奶,81,8
5025,95,翠玉烏龍茶,38,3
5026,95,烏龍紅茶,38,3
5027,95,冬瓜烏龍茶,38,3
5028,95,檸檬烏龍茶,47,4
5029,95,鳳梨烏龍茶,60,5
5030,95,烏龍奶茶,64,6
5031,95,果香烏龍茶,68,6
5032,95,吳家酸梅湯,77,7
5033,95,吳家冬瓜茶,34,3
5034,95,紅茶冬瓜,34,3
5035,95,檸檬冬瓜,43,4
5036,95,豆漿冬瓜,43,4
5037,95,冬瓜牛奶,60,5
5038,95,檸檬愛玉冬瓜,55,5
5039,95,檸檬寒天冬瓜,55,5
5040,95,特濃冬瓜牛奶,68,6
5041,95,無糖特調咖啡,60,5
5042,95,特濃咖啡牛奶,89,8
5043,95,黑咖啡,55,5
5044,95,咖啡紅茶,55,5
5045,95,冬瓜咖啡,55,5
5046,95,特調咖啡,55,5
5047,95,豆漿咖啡,64,6
5048,95,咖啡牛奶,77,7
5049,95,冰淇淋咖啡,77,7
5050,95,麥茶牛奶,55,5
5051,95,特濃麥茶牛奶,68,6
5052,95,決明子麥茶,38,3
5053,95,麥香紅茶,34,3
5054,95,麥香冬瓜,34,3
5055,95,麥香綠茶,34,3
5056,95,豆漿牛奶,47,4
5057,95,黑糖粉粿牛奶,77,7
5058,95,水果茶,55,5
5059,95,桂圓紅棗,64,6
5060,95,桂圓牛奶,77,7
5061,96,原味炒泡麵,77,7
5062,96,豬肉炒泡麵,85,8
5063,96,排肉炒泡麵,89,8
5064,96,鴨賞炒泡麵,94,9
5065,96,照燒雞腿炒泡麵,94,9
5066,96,泡菜豬肉炒泡麵,98,9
5067,96,牛肉炒泡麵,98,9
5068,96,蝦仁炒泡麵,102,10
5069,96,雙拼炒泡麵,111,11
5070,96,原味炒泡麵套餐,162,16
5071,96,豬肉炒泡麵套餐,170,17
5072,96,排肉炒泡麵套餐,174,17
5073,96,照燒雞腿炒泡麵套餐,179,17
5074,96,鴨賞炒泡麵套餐,179,17
5075,96,泡菜豬肉炒泡麵套餐,183,18
5076,96,牛肉炒泡麵套餐,183,18
5077,96,蝦仁炒泡麵套餐,187,18
5078,96,雙拼炒泡麵套餐,196,19
5079,96,原味炒泡麵呷涼套餐,136,13
5080,96,豬肉炒泡麵呷涼套餐,145,14
5081,96,排肉炒泡麵呷涼套餐,149,14
5082,96,照燒雞腿炒泡麵呷涼套餐,153,15
5083,96,鴨賞炒泡麵呷涼套餐,153,15
5084,96,牛肉炒泡麵呷涼套餐,157,15
5085,96,泡菜豬肉炒泡麵呷涼套餐,157,15
5086,96,蝦仁炒泡麵呷涼套餐,162,16
5087,96,雙拼炒泡麵呷涼套餐,170,17
5088,96,原味炒泡麵呷燒套餐,119,11
5089,96,豬肉炒泡麵呷燒套餐,128,12
5090,96,排肉炒泡麵呷燒套餐,132,13
5091,96,照燒雞腿炒泡麵呷燒套餐,136,13
5092,96,鴨賞炒泡麵呷燒套餐,136,13
5093,96,泡菜豬肉炒泡麵呷燒套餐,140,14
5094,96,牛肉炒泡麵呷燒套餐,140,14
5095,96,蝦仁炒泡麵呷燒套餐,145,14
5096,96,雙拼炒泡麵呷燒套餐,153,15
5097,96,原味炒泡麵呷飽套餐,115,11
5098,96,豬肉炒泡麵呷飽套餐,123,12
5099,96,排肉炒泡麵呷飽套餐,128,12
5100,96,照燒雞腿炒泡麵呷飽套餐,132,13
5101,96,鴨賞炒泡麵呷飽套餐,132,13
5102,96,泡菜豬肉炒泡麵呷飽套餐,136,13
5103,96,牛肉炒泡麵呷飽套餐,136,13
5104,96,蝦仁炒泡麵呷飽套餐,140,14
5105,96,雙拼炒泡麵呷飽套餐,149,14
5106,96,對味豆干,43,4
5107,96,茶香米血,43,4
5108,96,塔香豆皮,43,4
5109,96,韓式泡菜,43,4
5110,96,皮蛋豆腐,43,4
5111,96,胡麻龍鬚菜,43,4
5112,96,味增湯,26,2
5113,96,味增蛋花湯,38,3
5114,96,味增貢丸湯,47,4
5115,96,三合一味增湯,55,5
5116,96,紅茶,21,2
5117,96,奶茶,30,2
5118,97,紅骨仙草茶,45,4
5119,97,仙草撞奶,55,5
5120,97,日月潭紅茶,25,2
5121,97,龍吟鮮奶茶,40,4
5122,97,多多綠茶,45,4
5123,97,冬瓜茉香綠,30,3
5124,97,冬瓜鮮奶,45,4
5125,97,梅子檸檬,45,4
5126,97,熱杏仁茶,50,5
5127,97,古早杏仁茶,50,5
5128,97,白虎仙草茶,45,4
5129,97,冬瓜仙草茶,45,4
5130,97,紅杏出墻露,45,4
5131,97,紅骨仙草凍,45,4
5132,97,梅子紅茶,30,3
5133,97,豆漿紅茶,35,3
5134,97,檸檬紅茶,40,4
5135,97,寒天珍珠鮮奶茶,50,5
5136,97,名間茉香綠,30,3
5137,97,梅子綠茶,35,3
5138,97,檸檬綠茶,45,4
5139,97,鮮奶綠茶,45,4
5140,97,黑糖冬瓜露,30,3
5141,97,冬瓜紅茶,30,3
5142,97,梅子冬瓜,40,4
5143,97,冬瓜豆漿,40,4
5144,97,冬瓜檸檬,45,4
5145,97,古早味酸梅,30,3
5146,97,檸檬汁,40,4
5147,97,多多檸檬,50,5
5148,97,梅子多多,50,5
5149,97,熱日月潭紅茶,25,2
5150,97,熱豆漿紅茶,35,3
5151,97,熱龍吟鮮奶茶,40,4
5152,97,熱黑糖奶茶,40,4
5153,97,熱黑糖薑茶,40,4
5154,97,熱阿薩姆奶茶,40,4
5155,97,古早杏仁粉,130,13
5156,98,3C葡萄柚咕溜綠茶,60,6
5157,98,招牌柳丁青茶,50,5
5158,98,招牌柳丁綠茶,50,5
5159,98,奇異果愛玉,60,6
5160,98,奇異果冰茶,55,5
5161,98,義式鮮桔茶加梅子,45,4
5162,98,檸檬蜂蜜蘆薈,55,5
5163,98,柚見晶奇,65,6
5164,98,檸檬綠茶,45,4
5165,98,檸檬愛玉,55,5
5166,98,翡翠檸檬凍飲,60,6
5167,98,金桔檸檬,50,5
5168,98,百香黑白配綠茶,50,5
5169,98,百香黑白配紅茶,50,5
5170,98,百香黑白配青茶,55,5
5171,98,百香檸檬黑白配綠茶,55,5
5172,98,百香蘆薈綠茶,55,5
5173,98,百香愛玉綠茶,60,6
5174,98,花樣水果茶,55,5
5175,98,百香綠茶,45,4
5176,98,百香紅茶,45,4
5177,98,茉香綠茶,25,2
5178,98,皇家紅茶,25,2
5179,98,紅水烏龍,30,3
5180,98,梅子綠茶,30,3
5181,98,高山青茶,30,3
5182,98,香醇奶茶,40,4
5183,98,香醇QQ奶茶,45,4
5184,98,台灣珍珠奶茶,45,4
5185,98,香醇幽浮奶茶,45,4
5186,98,香醇魔豆奶茶,45,4
5187,98,香醇方圓奶茶,45,4
5188,98,珍珠布蕾奶茶,45,4
5189,98,珍珠布蕾巧克力,50,5
5190,98,香濃可可,45,4
5191,98,冬瓜ㄋㄟㄋㄟ,55,5
5192,98,營養ㄋㄟㄋㄟ,55,5
5193,98,仙草ㄋㄟㄋㄟ,50,5
5194,98,紅茶ㄋㄟㄋㄟ,55,5
5195,98,高山青ㄋㄟㄋㄟ,60,6
5196,98,高山烏龍ㄋㄟㄋㄟ,60,6
5197,98,奶蓋綠茶,45,4
5198,98,奶蓋紅茶,45,4
5199,98,奶蓋青茶,50,5
5200,98,奶蓋烏龍,50,5
5201,98,百香養樂多,60,6
5202,98,檸檬養樂多,60,6
5203,98,葡萄柚養樂多,60,6
5204,98,養樂多綠茶,50,5
5205,98,白皙美人,70,7
5206,98,活力五蔬果,70,7
5207,98,消化美人,70,7
5208,98,窈窕美人,70,7
5209,98,百香旺旺來,70,7
5210,98,鳳奇派對c滋味,70,7
5211,98,冬瓜茶,35,3
5212,98,冬瓜仙草,40,4
5213,98,冬瓜檸檬,45,4
5214,98,冬瓜烏龍,45,4
5215,98,冬瓜青茶,45,4
5216,98,小紫蘇愛玉,55,5
5217,98,仙草蜜,45,4
5218,98,蜂蜜綠茶,45,4
5219,98,養顔蜂蜜蘆薈,50,5
5220,98,研磨咖啡,40,4
5221,98,黑咖啡,40,4
5222,98,拿鐵咖啡,50,5
5223,98,摩卡咖啡,55,5
5224,98,檸檬冬瓜沙沙,55,5
5225,98,鳳梨沙沙,60,6
5226,98,檸檬多多沙沙,60,6
5227,98,芒果奶霜,65,6
5228,98,芒果翠玉青茶,70,7
5229,98,芒果沙沙,70,7
5230,98,芒果養樂多,65,6
5231,98,芒果歐蕾,70,7
5232,99,牛角秘醬五花豬麥香三明治,99,9
5233,99,牛角秘醬五花豬磚壓,115,11
5234,99,牛角秘醬五花豬炊米堡,125,12
5235,99,完美日曬耶加雪菲 G1,130,13
5236,99,黃金曼特寧 G1 (三次手選),135,13
5237,99,肯亞 精選小農,115,11
5238,99,哥倫比亞 薇拉,115,11
5239,99,曼巴,115,11
5240,99,莊園老饕深焙,115,11
5241,99,地中海醇萃美式,85,8
5242,99,美式黑咖啡,95,9
5243,99,咖啡拿鐵,120,12
5244,99,卡布奇諾,120,12
5245,99,焦糖風味拿鐵,130,13
5246,99,榛果風味拿鐵,130,13
5247,99,香草風味拿鐵,130,13
5248,99,橘皮風味拿鐵,130,13
5249,99,黑糖風味拿鐵,130,13
5250,99,義式摩卡,130,13
5251,99,焦糖瑪奇朵,130,13
5252,99,路易莎特調咖啡,110,11
5253,99,鴛鴦咖啡,110,11
5254,99,燕麥拿鐵,130,13
5255,99,抹茶風味拿鐵,135,13
5256,99,小農經典拿鐵,130,13
5257,99,小農雪點鮮奶茶,90,9
5258,99,黑糖風味小農鮮奶,85,8
5259,99,小農輕奶拿鐵,120,12
5260,99,錫蘭紅茶,65,6
5261,99,薰香綠茶,65,6
5262,99,經典水果茶,85,8
5263,99,柳橙鮮果風味綠茶,85,8
5264,99,檸檬鮮果風味綠茶,85,8
5265,99,百香鮮果風味綠茶,85,8
5266,99,芒果鮮果風味綠茶,85,8
5267,99,太妃糖風味紅茶,75,7
5268,99,太妃糖風味奶茶,90,9
5269,99,太妃糖風味鮮奶茶,95,9
5270,99,貴妃荔枝風味鮮奶茶,95,9
5271,99,貴妃荔枝風味紅茶,75,7
5272,99,貴妃荔枝風味奶茶,90,9
5273,99,四季翠玉青茶,70,7
5274,99,四季翠玉奶茶,85,8
5275,99,四季翠玉鮮奶茶,90,9
5276,99,人蔘蜜香檸檬,85,8
5277,99,西西里咖啡,95,9
5278,99,愛丁堡女王紅茶,80,8
5279,99,義式巧克力,105,10
5280,99,水蜜桃蘋果風味茶(冰),85,8
5281,99,水蜜桃蘋果風味茶(熱),85,8
5282,99,生椰美式,95,9
5283,99,生椰拿鐵,105,10
5284,99,蕎麥茶,65,6
5285,99,蕎麥鮮奶茶,85,8
5286,99,黃金蕎麥醇乳,80,8
5287,99,泰勒伯爵紅茶,70,7
5288,99,泰勒伯爵鮮奶茶,100,10
5289,99,精選英式紅茶,70,7
5290,99,精選英式奶茶,90,9
5291,99,黑糖雪點奶茶,80,8
5292,99,精選英式紅茶拿鐵,100,10
5293,99,南非國寶青檸茶(冰),70,7
5294,99,南非國寶青檸茶(熱),70,7
5295,99,紅蜜鮮奶茶,85,8
5296,99,泰式鮮奶茶,85,8
5297,99,大臣賞 焙茶鮮奶茶,100,10
5298,99,100%一番抹茶鮮奶茶,95,9
5299,99,英國百年茶莊紅茶冰沙,85,8
5300,99,義式巧克力冰沙,95,9
5301,99,大臣賞 焙茶鮮奶冰沙,100,10
5302,99,100% 一番抹茶鮮奶冰沙,100,10
5303,99,寶寶蛋鬆餅堡,90,9
5304,99,培根蛋鬆餅堡,95,9
5305,99,豬肉蛋鬆餅堡,105,10
5306,99,瑪芬堡-植物肉排,95,9
5307,99,麥香三明治-植物肉排,90,9
5308,99,炊米堡-植物肉排,100,10
5309,99,風味三明治-植物肉排,95,9
5310,99,貝果-植物肉排,100,10
5311,99,義式磚壓三明治-植物肉排​,90,9
5312,99,草莓抹醬法式吐司,79,7
5313,99,藍莓抹醬法式吐司,79,7
5314,99,蜂蜜抹醬法式吐司,79,7
5315,99,榛果可可抹醬法式吐司,79,7
5316,99,脆粒花生抹醬法式吐司,79,7
5317,99,法式吐司蔬菜-火腿,92,9
5318,99,法式吐司蔬菜-蔬菜,92,9
5319,99,法式吐司蔬菜-鮪魚,92,9
5320,99,法式吐司蔬菜-燻雞,102,10
5321,99,法式吐司蔬菜-烤腿排,106,10
5322,99,法式吐司蔬菜-義式里肌豬,102,10
5323,99,火腿麥香三明治,80,8
5324,99,蔬菜麥香三明治,80,8
5325,99,鮪魚麥香三明治,80,8
5326,99,燻雞麥香三明治,90,9
5327,99,烤腿排麥香三明治,94,9
5328,99,義式里肌豬麥香三明治,90,9
5329,99,火腿風味三明治,85,8
5330,99,蔬菜風味三明治,85,8
5331,99,鮪魚風味三明治,85,8
5332,99,燻雞風味三明治,95,9
5333,99,烤腿排風味三明治,99,9
5334,99,義式里肌豬風味三明治,95,9
5335,99,豬肉起司瑪芬堡,85,8
5336,99,豬肉瑪芬堡加蛋,95,9
5337,99,雙層豬肉瑪芬堡,109,10
5338,99,雙層豬肉瑪芬堡加蛋,119,11
5339,99,火腿貝果,95,9
5340,99,蔬菜貝果,95,9
5341,99,鮪魚貝果,95,9
5342,99,燻雞貝果,105,10
5343,99,烤腿排貝果,109,10
5344,99,義式里肌豬貝果,105,10
5345,99,墨西哥辣椒豬肉堡,105,10
5346,99,日式燒肉堡,110,11
5347,99,墨西哥辣椒牛肉堡,115,11
5348,99,法式紅酒牛肉堡,115,11
5349,99,雙層起司雞腿堡,115,11
5350,99,起司口袋歐姆蛋,85,8
5351,99,培根口袋歐姆蛋,95,9
5352,99,鮪魚口袋歐姆蛋,95,9
5353,99,蔬菜口袋歐姆蛋,90,9
5354,99,豬肉起司炊米堡,95,9
5355,99,墨西哥辣椒豬肉炊米堡,110,11
5356,99,薑汁燒肉炊米堡,115,11
5357,99,墨西哥辣椒牛肉炊米堡,119,11
5358,99,法式紅酒牛肉炊米堡,119,11
5359,99,培根起司米堡,90,9
5360,99,火腿起司米堡,85,8
5361,99,起司蛋堡,80,8
5362,99,火腿起司蛋堡,85,8
5363,99,培根起司蛋堡,90,9
5364,99,培根起司蛋磚壓三明治,90,9
5365,99,火腿起司磚壓三明治,85,8
5366,99,鮪魚玉米磚壓三明治,90,9
5367,99,薑汁燒肉磚壓三明治,105,10
5368,99,墨西哥辣椒豬肉磚壓三明治,100,10
5369,99,墨西哥辣椒牛肉磚壓三明治,110,11
5370,99,法式紅酒牛肉磚壓三明治,110,11
5371,99,青醬野菇磚壓三明治,85,8
5372,99,蜂蜜甜磚壓,75,7
5373,99,草莓甜磚壓,75,7
5374,99,藍莓甜磚壓,75,7
5375,99,榛果可可甜磚壓,75,7
5376,99,脆粒花生甜磚壓,75,7
5377,99,草莓抹醬貝果,79,7
5378,99,藍莓抹醬貝果,79,7
5379,99,蜂蜜抹醬貝果,79,7
5380,99,榛果可可抹醬貝果,79,7
5381,99,脆粒花生抹醬貝果,79,7
5382,99,原味貝果,70,7
5383,99,紅麴蔓越莓貝果,70,7
5384,99,藍莓貝果,75,7
5385,99,起司知心雙色乳酪貝果,90,9
5386,99,黑可可知心貝果,85,8
5387,99,濾掛咖啡盒裝組-白金尋豆師系列,355,35
5388,99,濾掛咖啡盒裝組-黑金尋豆師系列,435,43
5389,99,半磅-典藏莊園綜合,415,41
5390,99,半磅-哥倫比亞 薇拉,385,38
5391,99,半磅-莊園老饕深焙,385,38
5392,99,半磅-水洗耶加雪菲 科契爾 G1,405,40
5393,99,半磅-肯亞 精選小農,405,40
5394,99,半磅-曼巴,385,38
5395,99,半磅-完美日曬耶加雪菲 G1,545,54
5396,99,半磅-黃金曼特寧 G1 三次手選,565,56
5397,100,原味素食潤餅,70,7
5398,100,芥末素食潤餅,70,7
5399,100,素食潤餅,70,7
5400,100,咖哩素食潤餅,70,7
5401,100,甜辣醬素食潤餅,70,7
5402,100,辣菜脯素食潤餅,70,7
5403,100,原味潤餅,70,7
5404,100,芥末潤餅,70,7
5405,100,無糖潤餅,70,7
5406,100,咖哩潤餅,70,7
5407,100,甜辣醬潤餅,70,7
5408,100,黑胡椒牛肉潤餅,85,8
5409,100,油雞潤餅,85,8
5410,101,肉羹麵,85,8
5411,101,肉羹飯,85,8
5412,101,炒麵,45,4
5413,101,肉燥飯【小】,99,9
5414,101,排肉飯【小】,99,9
5415,101,雞肉飯【小】,99,9
5416,101,咖哩飯【小】,99,9
5417,101,肉燥飯便當【大】,120,12
5418,101,排肉飯便當【大】,120,12
5419,101,雞肉飯便當【大】,120,12
5420,101,咖哩飯便當【大】,120,12
5421,101,紫菜貢丸湯,35,3
5422,101,紫菜豆腐味噌湯,35,3
5423,102,1號美式奔牛堡套餐(生菜+奔牛+起司+薯條+脆皮堡),200,20
5424,102,3號雙層豬肉起司堡套餐(兩片漢堡肉+起司+薯條),150,15
5425,102,4號德式香腸帕瑪森套餐(德式香腸+帕瑪森乾酪堡+起司+薯條),185,18
5426,102,5號歐式薯泥沙拉套餐(生菜沙拉+燒餅+培根+滑蛋+薯泥),150,15
5427,102,6號法式香蒜帕瑪森套餐(生菜沙拉+香蒜帕瑪森+火腿+滑蛋+薯泥),150,15
5428,102,7號義式檸檬雞柳麵套餐(鐵板麵+檸檬雞柳),150,15
5429,102,8號日式醬爆燒肉套餐(鐵板麵+豬柳+蛋),135,13
5430,102,9號嫩煎里肌鐵板麵套餐(鐵板麵+里肌肉+蛋),135,13
5431,102,10號招牌總匯套餐(招牌總匯+薯條),150,15
5432,102,11號香蔥吉拿套餐(吉拿棒+蘿蔔糕+荷包蛋),125,12
5433,102,12號歡樂兒童餐(熱狗+雞塊+薯條+吐司),125,12
5434,102,16號美式脆雞堡套餐(生菜+脆雞肉+薯條+脆皮堡),185,18
5435,102,雙層豬肉起司堡,95,9
5436,102,原味咔啦雞腿蛋堡,110,11
5437,102,辣味咔啦雞腿蛋堡,110,11
5438,102,起司雞排蛋堡,100,10
5439,102,嫩煎里肌蛋堡,85,8
5440,102,香燻雞排蛋堡(煎的),75,7
5441,102,哈辣雞腿蛋堡(煎的),110,11
5442,102,美式奔牛脆皮堡,140,14
5443,102,招牌豬肉起司堡,65,6
5444,102,招牌豬肉蛋堡,65,6
5445,102,麥香雞蛋堡,70,7
5446,102,椒麻雞排蛋堡,115,11
5447,102,洋蔥鮪魚蛋堡,70,7
5448,102,義式雞腿片蛋堡,80,8
5449,102,薯餅蛋堡,70,7
5450,102,培根蛋堡,75,7
5451,102,薯泥蛋堡,70,7
5452,102,火腿蛋堡,70,7
5453,102,起司蛋堡,55,5
5454,102,肉鬆蛋堡,55,5
5455,102,玉米蛋堡,55,5
5456,102,哈辣雞腿蛋吐司(煎的),105,10
5457,102,嫩煎里肌蛋吐司,85,8
5458,102,培根蛋吐司,70,7
5459,102,火腿蛋吐司,65,6
5460,102,起司蛋吐司,50,5
5461,102,肉鬆蛋吐司,50,5
5462,102,原味咔啦雞腿蛋吐司,105,10
5463,102,辣味咔啦雞腿蛋吐司,105,10
5464,102,起司雞排蛋吐司,95,9
5465,102,招牌豬肉蛋吐司,60,6
5466,102,薯餅蛋吐司,65,6
5467,102,薯泥沙拉蛋吐司,65,6
5468,102,洋蔥鮪魚蛋吐司,65,6
5469,102,麥香雞蛋吐司,65,6
5470,102,椒麻雞排蛋吐司,110,11
5471,102,香燻雞排蛋吐司(煎的),75,7
5472,102,招牌豬肉起司吐司,60,6
5473,102,義式雞腿片蛋吐司,80,8
5474,102,德式香腸帕瑪森潛艇堡,130,13
5475,102,義式雞腿片帕瑪森潛艇堡,120,12
5476,102,嫩煎里肌帕瑪森潛艇堡,120,12
5477,102,薯泥沙拉帕瑪森潛艇堡,100,10
5478,102,洋蔥鮪魚帕瑪森潛艇堡,100,10
5479,102,香燻雞排帕瑪森潛艇堡(煎的),110,11
5480,102,麥香雞帕瑪森潛艇堡,100,10
5481,102,哈辣雞腿帕瑪森潛艇堡(煎的),125,12
5482,102,招牌總匯三明治,95,9
5483,102,嫩煎里肌總匯三明治,105,10
5484,102,香燻雞排總匯三明治(煎的),105,10
5485,102,洋蔥鮪魚總匯三明治,90,9
5486,102,薯泥沙拉蛋義式捲餅,95,9
5487,102,嫩煎里肌蛋義式捲餅,110,11
5488,102,義式雞腿片蛋義式捲餅(微辣),110,11
5489,102,德式香腸蛋義式捲餅,120,12
5490,102,香燻雞排蛋義式捲餅(煎的),105,10
5491,102,麥香雞蛋義式捲餅,95,9
5492,102,洋蔥鮪魚蛋義式捲餅,95,9
5493,102,哈辣雞腿蛋義式捲餅(煎的),120,12
5494,102,嫩煎里肌蛋餅,75,7
5495,102,培根蛋餅,65,6
5496,102,洋蔥鮪魚蛋餅,60,6
5497,102,火腿蛋餅,60,6
5498,102,玉米蛋餅,55,5
5499,102,薯泥蛋餅,65,6
5500,102,肉鬆蛋餅,50,5
5501,102,薯餅蛋餅,65,6
5502,102,鮮蔬蛋餅,55,5
5503,102,香燻雞排蛋餅(煎的),70,7
5504,102,起司蛋餅,50,5
5505,102,義式雞腿片蛋餅,75,7
5506,102,麥香雞蛋餅,60,6
5507,102,招牌豬肉蛋餅,60,6
5508,102,熱狗蛋餅,50,5
5509,102,哈辣雞腿蛋餅(煎的),95,9
5510,102,哈辣雞腿蛋香頌(煎的),130,13
5511,102,起司雞排蛋香頌,130,13
5512,102,薯泥沙拉蛋香頌,95,9
5513,102,鮮蔬沙拉蛋香頌,85,8
5514,102,義式雞腿片蛋香頌,110,11
5515,102,嫩煎里肌蛋香頌,110,11
5516,102,香燻雞排蛋香頌(煎的),105,10
5517,102,麥香雞蛋香頌,95,9
5518,102,洋蔥鮪魚蛋香頌,95,9
5586,104,筒仔糕,51,5
5519,102,哈辣雞腿蛋歐式燒餅(煎的),125,12
5520,102,義式雞腿片蛋歐式燒餅,125,12
5521,102,嫩煎里肌蛋歐式燒餅,110,11
5522,102,薯泥沙拉蛋歐式燒餅,95,9
5523,102,鮮蔬沙拉蛋歐式燒餅,85,8
5524,102,香燻雞排蛋歐式燒餅(煎的),105,10
5525,102,麥香雞蛋歐式燒餅,95,9
5526,102,洋蔥鮪魚蛋歐式燒餅,95,9
5527,102,嫩煎里肌鐵板麵-蘑菇口味,125,12
5528,102,嫩煎里肌鐵板麵-黑胡椒口味,125,12
5529,102,日式醬爆燒肉炒麵-沙茶口味,125,12
5530,102,日式醬爆燒肉炒麵-蔥燒口味,125,12
5531,102,義式檸檬雞柳麵-青醬口味,130,13
5532,102,義式檸檬雞柳麵-白醬口味,130,13
5533,102,義式檸檬雞柳麵-紅醬口味,130,13
5534,102,香蒜厚片,50,5
5535,102,奶酥厚片,50,5
5536,102,花生厚片,45,4
5537,102,巧克力厚片,45,4
5538,102,火腿焗烤厚片,75,7
5539,102,培根焗烤厚片,75,7
5540,102,鮪魚焗烤厚片,75,7
5541,102,草莓厚片,45,4
5542,102,奶油厚片,45,4
5543,102,OREO奶酥厚片,70,7
5544,102,草莓薄片,30,3
5545,102,花生薄片,30,3
5546,102,巧克力薄片,30,3
5547,102,奶酥薄片,35,3
5548,102,奶油薄片,30,3
5549,102,香蒜薄片,35,3
5550,102,蔥抓餅含蛋,60,6
5551,102,香蔥吉拿棒,55,5
5552,102,檸檬雞柳條,55,5
5553,102,香酥蘿蔔糕,55,5
5554,102,薯餅,60,6
5555,102,香酥雞塊,55,5
5556,102,薯條,45,4
5557,102,熱狗,40,4
5558,102,薯餅蛋塔,60,6
5559,102,荷包蛋(全熟),20,2
5560,102,荷包蛋(半熟),20,2
5561,102,熱狗散蛋(4條熱狗+散蛋),55,5
5562,102,香酥蘿蔔糕加散蛋,70,7
5563,102,香蒜帕瑪森(條),65,6
5564,102,拿鐵咖啡,70,7
5565,102,特調咖啡,55,5
5566,102,美式黑咖啡,50,5
5567,102,鴛鴦奶茶,50,5
5568,102,招牌紅茶,35,3
5569,102,原味豆漿,40,4
5570,102,弘爺奶茶,40,4
5571,102,薏仁漿,40,4
5572,102,柳橙汁,45,4
5573,102,蔓越莓汁,45,4
5574,102,弘爺鮮奶茶,55,5
5575,102,薏仁牛奶,50,5
5576,102,豆奶茶,45,4
5577,102,招牌紅茶【特大杯660cc】,45,4
5578,102,弘爺奶茶【特大杯660cc】,50,5
5579,102,原味豆漿【特大杯660cc】,50,5
5580,102,薏仁漿【特大杯660cc】,50,5
5581,102,柳橙汁【特大杯660cc】,55,5
5582,102,蔓越莓汁【特大杯660cc】,55,5
5583,102,弘爺鮮奶茶【特大杯660cc】,70,7
5584,102,薏仁牛奶【特大杯660cc】,65,6
5585,102,豆奶茶【特大杯660cc】,55,5
5587,104,炒麵,47,4
5588,104,排肉麵,64,6
5589,104,煎蘿蔔糕【一片】,30,2
5590,104,煎芋頭糕【一片】,30,2
5591,104,韭菜水餃(10顆),85,8
5592,104,高麗菜水餃(10顆),85,8
5593,104,豬血湯,30,2
5594,104,豆腐湯,30,2
5595,104,貢丸湯,30,2
5596,104,油豆腐湯,30,2
5597,104,菜頭湯,30,2
5598,104,綜合湯,47,4
5599,104,炸肉嗲,60,5
5600,104,炸蚵嗲,60,5
5601,104,炸韮菜條,34,3
5602,104,炸菜頭粿,34,3
5603,104,炸芋頭粿,34,3
5604,104,炸豆腐,26,2
5605,104,炸地瓜,34,3
5606,105,乾煎迷迭香雞腿排飯,150,15
5607,105,泰風椒麻雞飯,161,16
5608,105,京醬雞腿飯,110,11
5609,105,京醬排骨飯,110,11
5610,105,酥炸排骨飯,110,11
5611,105,酥炸雞腿飯,149,14
5612,105,精燉牛腩飯,149,14
5613,105,鹽烤靖魚飯,175,17
5614,105,京醬雞排飯,143,14
5615,105,海鮮傳統豆腐鍋,150,15
5616,105,鮮味拉麵鍋,150,15
5617,105,韓風意麵鍋,150,15
5618,105,韓式泡菜鍋,150,15
5619,105,韓式麵疙瘩,150,15
5620,105,海鮮麵疙瘩,150,15
5621,106,火雞肉飯套餐,135,13
5622,106,火雞肉片,98,9
5623,106,滷桂竹筍,98,9
5624,106,扁魚白菜滷,60,6
5625,106,特製三色蛋,60,6
5626,106,皮蛋豆腐,58,5
5627,106,煙燻豬耳朵,49,4
5628,106,涼拌小黃瓜,38,3
5629,106,火雞肉飯,82,8
5630,106,白飯,25,2
5631,106,貢丸湯,38,3
5632,106,紫菜湯,28,2
5633,106,味噌湯,28,2
5634,107,炳叔烤玉米粒,25,2
5635,107,招牌高山青,40,4
5636,107,青茶3Q,70,7
5637,107,烏龍綠茶,35,3
5638,107,茉香綠茶,40,4
5639,107,大吉嶺紅茶,40,4
5640,107,日月潭紅茶,40,4
5641,107,冷泡冬片,40,4
5642,107,奶香金萱,55,5
5643,107,108茶王,55,5
5644,107,珍珠紅茶,55,5
5645,107,珍珠綠茶,55,5
5646,107,珍珠青茶,55,5
5647,107,焙香粉角金萱,65,6
5648,107,白毫烏龍,70,7
5649,107,開運玄米青,50,5
5650,107,古早味冬瓜茶,45,4
5651,107,蕎麥茶,45,4
5652,107,冬瓜仙草,55,5
5653,107,蘋果冰醋,50,5
5654,107,冬瓜檸檬,65,6
5655,107,冬梅粉粿,70,7
5656,107,蕎麥粉粿,65,6
5657,107,轟蜜蕎麥粉粿,70,7
5658,107,桂花凍蜜檸,90,9
5659,107,好運玄米茶,50,5
5660,107,靚奶茶,60,6
5661,107,靚奶凍,75,7
5662,107,奶茶,60,6
5663,107,奶綠,60,6
5664,107,烏龍奶茶,60,6
5665,107,108焙烏龍奶茶,70,7
5666,107,珍珠奶茶,65,6
5667,107,仙草凍奶茶,75,7
5668,107,粉粿奶茶,75,7
5669,107,當代雙Q,75,7
5670,107,珍珠紅豆奶,75,7
5671,107,紫芋西米露,80,8
5672,107,白毫烏龍輕乳茶,85,8
5673,107,紅茶鮮奶茶,80,8
5674,107,珍珠鮮奶茶,80,8
5675,107,玫瑰鮮奶茶,79,7
5676,107,108焙烏龍鮮奶茶,90,9
5677,107,蕎麥鮮奶茶,85,8
5678,107,雙Q鮮奶茶,90,9
5679,107,黑糖珍珠鮮奶,110,11
5680,107,紅豆粉粿鮮奶,90,9
5681,107,奶蓋茉綠,75,7
5682,107,奶蓋青茶,75,7
5683,107,奶蓋烏龍,75,7
5684,107,奶蓋金萱,75,7
5685,107,奶蓋紅茶,75,7
5686,107,奶蓋日月紅,75,7
5687,107,奶蓋蕎麥,75,7
5688,107,炳叔奶蓋金萱,80,8
5689,107,甘蔗青了,70,7
5690,107,翡翠檸檬,50,5
5691,107,芒果綠茶,55,5
5692,107,日月蘋安,65,6
5693,107,百香綠,70,7
5694,107,甘檸冷泡,70,7
5695,107,荔枝桂花茉,79,7
5696,107,橙香白毫烏龍,79,7
5697,107,柳橙綠,85,8
5698,107,百香QQ,85,8
5699,107,芒果鳳梨果粒茶,85,8
5700,107,葡萄柚果粒茶,85,8
5701,107,桂荔金萱玉凍,75,7
5702,107,梅荔翠綠凍,75,7
5703,107,冬瓜青茶,60,6
5704,107,青梅青,65,6
5705,107,青梅綠,65,6
5706,107,多多綠茶,60,6
5707,107,8冰綠,55,5
5708,107,仙楂108,74,7
5709,107,桂花凍108,85,8
5710,107,轟蜜茶,65,6
5711,107,冬瓜檸檬粉角,75,7
5712,107,黑糖檸檬粉角,80,8
5713,107,冬瓜蕎麥,55,5
5714,107,檸檬多多,90,9
5715,107,金桔檸檬,60,6
5716,107,8冰茶,65,6
5717,107,購物袋,2,0
5718,108,蘿蔔糕套餐（蛋.紅茶）,50,5
5719,108,鐵板麵.蛋（蘑菇、黑胡椒）,60,6
5720,108,薯餅塔套餐,60,6
5721,108,兒童餐(吐司.薯條.熱狗.蛋),60,6
5722,108,鹹肉粥套餐,70,7
5723,108,雞肉絲飯套餐,75,7
5724,108,排肉飯套餐,75,7
5725,108,排肉麵套餐,75,7
5726,108,熱狗（3條）,30,3
5727,108,薯條,30,3
5728,108,小雞球,40,4
5729,108,麥克雞塊,40,4
5730,108,香檸雞柳條,40,4
5731,108,起士棒,50,5
5732,108,炸物拼盤,75,7
5733,108,巧克力土司,20,2
5734,108,草莓土司,20,2
5735,108,花生土司,20,2
5736,108,奶油土司,20,2
5737,108,奶酥土司,20,2
5738,108,奶酥厚片,30,3
5739,108,巧克力厚片,30,3
5740,108,草莓厚片,30,3
5741,108,花生厚片,30,3
5742,108,奶油厚片,30,3
5743,108, 煎蛋吐司,30,3
5744,108,火腿蛋土司,35,3
5745,108,起士蛋土司,35,3
5746,108,肉鬆蛋土司,40,4
5747,108,鮪魚蛋土司,40,4
5748,108,豬排蛋土司,50,5
5749,108,卡啦雞腿蛋土司（原、辣）,65,6
5750,108,總匯蛋土司（豬排）,65,6
5751,108,鮪魚蛋漢堡,50,5
5752,108,薯餅蛋漢堡,50,5
5753,108,豬排蛋漢堡,55,5
5754,108,卡啦雞腿蛋漢堡,70,7
5755,108,總匯蛋堡,70,7
5756,108,原味蛋餅,25,2
5757,108,起士蛋餅,35,3
5758,108,玉米蛋餅,35,3
5759,108,火腿蛋餅,35,3
5760,108,熱狗蛋餅,40,4
5761,108,鮪魚蛋餅,40,4
5762,108,豬排蛋餅,50,5
5763,108,卡啦雞腿（原、辣）蛋餅,60,6
5764,108,紅茶大杯,20,2
5765,108,豆漿大杯,20,2
5766,108,奶茶大杯,25,2
5767,108,柳橙汁 大杯,25,2
5768,108,咖啡大杯（無糖）,30,3
5769,108,炒麵,40,4
5770,108,肉燥飯,50,5
5771,108,排肉麵 ,60,6
5772,108,排肉飯,60,6
5773,108,梅干扣肉飯 大,75,7
5774,108,雞塊咖哩飯,65,6
5775,108,豬排咖哩飯,85,8
5776,108,蔥抓餅,30,3
5777,108,蔥抓餅加蛋,40,4
5778,108,蘿蔔糕,35,3
5779,108,煎餃,35,3
5780,108,玉米濃湯,30,3
5781,108,貢丸湯,25,2
5782,108,豬血湯,20,2
5783,108,豆腐湯,20,2
5784,108,粉腸湯,40,4
5785,108,隔間肉湯,40,4
5786,108,大腸豬血湯,50,5
5787,108,小黃瓜,40,4
5788,108,皮蛋豆腐,40,4
5789,108,魯味拼盤【小】,30,3
5790,108,油豆腐,20,2
5791,108,滷豆腐,20,2
5792,108,和風洋葱,40,4
5793,110,排骨便當,120,12
5794,110,擴肉便當,120,12
5795,110,梅乾菜便當,100,10
5796,110,腳庫便當,120,12
5797,110,肉羹飯【份量升級】,75,7
5798,110,肉羹麵【份量升級】,75,7
5799,110,肉羹米粉【份量升級】,75,7
5800,110,切仔麵【份量升級】,65,6
5801,110,黃乾麵【份量升級】,65,6
5802,110,香菇肉羹湯【份量升級】,50,5
5803,110,粉腸湯【份量升級】,45,4
5804,110,貢丸湯【份量升級】,35,3
5805,110,蛋花湯【份量升級】,30,3
